year,state,state_abbrev,GDP,homeownership(%),unemployment_rate,population(thousands),median income,avg house data
1997,Alabama,AL,143646,71.3,5,4320,49983,191.43
1998,Alabama,AL,148596,72.9,4.4,4351,55997,201.27
1999,Alabama,AL,154094,74.8,4.7,4370,54806,206.43
2000,Alabama,AL,156560,73.2,4.6,4452,49989,211.62
2001,Alabama,AL,156404,73.2,5.1,4468,51798,223.33
2002,Alabama,AL,160870,73.7,5.9,4480,52633,229.90
2003,Alabama,AL,164992,76.2,6,4503,50988,239.01
2004,Alabama,AL,175508,78,5.7,4531,48812,248.15
2005,Alabama,AL,181386,76.6,4.5,4570,46905,265.63
2006,Alabama,AL,184796,74.2,4,4629,47885,286.61
2007,Alabama,AL,185869,73.3,4,4673,47244,300.17
2008,Alabama,AL,185298,73,5.7,4718,47382,303.59
2009,Alabama,AL,178021,74.1,11,4758,47654,299.11
2010,Alabama,AL,182263,73.2,10.5,4785,51999,287.93
2011,Alabama,AL,185055,72.9,9.6,4799,51248,278.14
2012,Alabama,AL,186299,71.9,8,4816,47624,276.94
2013,Alabama,AL,188165,72.7,7.2,4830,44888,274.77
2014,Alabama,AL,186335,72.1,6.8,4842,51092,278.34
2015,Alabama,AL,188716,70,6.1,4853,47175,286.71
2016,Alabama,AL,189614,69.7,5.8,4865,49412,295.52
2017,Alabama,AL,193053,70,4.4,4875,52105,305.64
2018,Alabama,AL,196876,70.3,3.9,4888,49936,319.83
1997,Alaska,AK,42262,67.2,7.1,609,77275,158.66
1998,Alaska,AK,41157,66.3,6.3,615,77703,163.53
1999,Alaska,AK,40722,66.4,6.5,620,81556,169.21
2000,Alaska,AK,39517,66.4,6.4,628,78271,172.12
2001,Alaska,AK,40974,65.3,6.4,634,70945,180.71
2002,Alaska,AK,42881,67.1,7.3,642,75109,190.50
2003,Alaska,AK,42151,70,7.8,648,73868,199.84
2004,Alaska,AK,43735,67.2,7.5,659,73378,220.00
2005,Alaska,AK,45052,66,6.9,667,72041,247.19
2006,Alaska,AK,48517,67.2,6.6,675,70437,271.38
2007,Alaska,AK,51114,66.6,6.3,680,74812,282.06
2008,Alaska,AK,50884,66.4,6.7,687,76477,280.93
2009,Alaska,AK,55838,66.8,7.7,699,68734,279.45
2010,Alaska,AK,54151,65.7,7.9,714,79888,277.76
2011,Alaska,AK,54646,64.4,7.6,722,79237,280.08
2012,Alaska,AK,57670,63.7,7.1,730,71804,281.33
2013,Alaska,AK,54750,64.6,7,737,79611,290.16
2014,Alaska,AK,53209,64.9,6.9,736,66767,296.25
2015,Alaska,AK,53585,62.3,6.5,738,64260,306.15
2016,Alaska,AK,52608,65.2,6.9,742,78249,313.12
2017,Alaska,AK,52492,65.5,7,740,72275,318.63
2018,Alaska,AK,52311,63.7,6.6,737,69739,322.84
1997,Arkansas,AR,82756,66.7,5.2,2524,51237,167.83
1998,Arkansas,AR,84795,66.7,5.2,2538,57269,174.01
1999,Arkansas,AR,89317,65.6,4.6,2551,55931,178.33
2000,Arkansas,AR,90206,68.9,4.3,2679,58172,182.52
2001,Arkansas,AR,89923,71.2,5,2692,60715,192.28
2002,Arkansas,AR,92885,70.3,5.5,2706,55616,198.66
2003,Arkansas,AR,96545,69.6,5.9,2725,56340,206.85
2004,Arkansas,AR,101210,69.1,5.7,2750,58430,218.82
2005,Arkansas,AR,104653,69.2,5.2,2781,53662,234.80
2006,Arkansas,AR,106940,70.8,5.2,2822,54127,249.16
2007,Arkansas,AR,106155,69.5,5.3,2849,58319,256.50
2008,Arkansas,AR,105791,68.9,5.5,2875,54403,255.56
2009,Arkansas,AR,102528,68.5,7.8,2897,51546,252.33
2010,Arkansas,AR,105923,67.9,8.2,2922,56805,245.91
2011,Arkansas,AR,108295,67.6,8.3,2940,52294,241.86
2012,Arkansas,AR,108745,66,7.6,2952,58250,243.18
2013,Arkansas,AR,111779,65.4,7.2,2960,54849,246.70
2014,Arkansas,AR,112706,65.4,6,2968,55378,249.73
2015,Arkansas,AR,113177,67.1,5,2978,57321,256.16
2016,Arkansas,AR,113788,67.6,4,2990,59750,263.78
2017,Arkansas,AR,114851,65,3.7,3003,61155,274.25
2018,Arkansas,AR,115933,64.7,3.7,3014,62283,284.94
1997,Arizona,AZ,168551,63,4.6,4552,40942,173.76
1998,Arizona,AZ,183138,64.3,4.3,4667,42716,182.92
1999,Arizona,AZ,198096,66.3,4.4,4778,44875,191.93
2000,Arizona,AZ,207793,68,4,5161,47400,203.57
2001,Arizona,AZ,212656,68.1,4.8,5273,43424,217.08
2002,Arizona,AZ,219311,65.6,6.1,5396,45332,228.93
2003,Arizona,AZ,233342,67,5.7,5510,43798,242.14
2004,Arizona,AZ,243246,68.7,5,5652,46620,272.55
2005,Arizona,AZ,263061,71.1,4.7,5839,42867,353.49
2006,Arizona,AZ,277288,71.6,4.2,6029,47250,419.01
2007,Arizona,AZ,284907,70.4,3.9,6168,46282,414.60
2008,Arizona,AZ,277477,69.1,6.2,6280,44536,356.91
2009,Arizona,AZ,255081,68.9,9.9,6343,49527,299.82
2010,Arizona,AZ,257485,66.6,10.4,6408,46265,262.79
2011,Arizona,AZ,263211,66,9.5,6473,46213,234.60
2012,Arizona,AZ,268289,65.3,8.3,6557,42752,243.94
2013,Arizona,AZ,270149,65.1,7.7,6635,42515,277.10
2014,Arizona,AZ,273407,63.5,6.8,6734,47695,302.72
2015,Arizona,AZ,279435,61.7,6.1,6834,45362,321.32
2016,Arizona,AZ,288682,61.9,5.4,6945,48037,343.62
2017,Arizona,AZ,297210,64.4,4.9,7049,50964,372.35
2018,Arizona,AZ,309067,65.7,4.8,7172,49781,405.70
1997,California,CA,1378654,55.7,6.4,32218,62120,206.98
1998,California,CA,1470393,56,5.9,32683,63204,224.31
1999,California,CA,1582377,55.7,5.2,33145,65961,242.29
2000,California,CA,1709939,57.1,4.9,33988,67195,272.69
2001,California,CA,1702776,58.2,5.4,34479,68456,307.44
2002,California,CA,1743651,57.7,6.7,34872,66397,341.78
2003,California,CA,1825424,58.9,6.8,35253,67473,384.36
2004,California,CA,1902319,59.7,6.2,35575,65594,471.60
2005,California,CA,1990141,59.7,5.4,35828,66710,582.15
2006,California,CA,2072177,60.2,4.9,36021,65858,641.32
2007,California,CA,2103618,58.3,5.4,36250,62652,606.28
2008,California,CA,2111138,57.5,7.3,36604,69065,485.60
2009,California,CA,2026487,57,11.2,36961,59713,420.22
2010,California,CA,2058138,56.1,12.2,37321,67664,407.63
2011,California,CA,2091586,55.3,11.7,37642,66658,386.24
2012,California,CA,2144497,54.5,10.4,37961,62477,386.55
2013,California,CA,2220868,54.3,8.9,38281,65640,435.69
2014,California,CA,2309928,54.2,7.5,38625,64221,489.46
2015,California,CA,2426143,54.3,6.2,38953,67448,524.40
2016,California,CA,2498840,53.8,5.5,39209,69729,562.04
2017,California,CA,2587572,54.4,4.8,39399,71745,605.93
2018,California,CA,2677939,55.1,4.2,39557,70489,654.35
1997,Colorado,CO,184193,64.1,3.5,3891,67658,210.43
1998,Colorado,CO,201076,65.2,3.6,3969,71951,222.96
1999,Colorado,CO,216300,68.1,3.1,4056,72837,242.28
2000,Colorado,CO,232752,68.3,2.8,4327,70538,270.57
2001,Colorado,CO,236383,68.5,3.8,4426,70231,295.96
2002,Colorado,CO,236786,68.9,5.5,4490,67597,310.75
2003,Colorado,CO,238540,71.3,6,4529,68349,318.81
2004,Colorado,CO,240798,71.1,5.5,4575,67811,330.01
2005,Colorado,CO,250840,71,5,4632,65026,345.91
2006,Colorado,CO,256124,70.1,4.3,4720,69537,356.16
2007,Colorado,CO,264577,70.2,3.7,4804,65618,360.37
2008,Colorado,CO,267713,69,4.8,4890,74228,356.77
2009,Colorado,CO,262380,68.4,7.3,4972,69520,351.04
2010,Colorado,CO,264791,68.5,8.7,5048,71251,339.97
2011,Colorado,CO,268681,65.9,8.4,5122,65601,329.81
2012,Colorado,CO,273520,65.3,7.9,5194,62735,334.40
2013,Colorado,CO,282534,64.4,6.9,5270,73325,355.28
2014,Colorado,CO,295010,65,5,5351,64702,385.09
2015,Colorado,CO,307912,63.6,3.9,5452,70585,426.65
2016,Colorado,CO,315425,62.4,3.2,5541,73841,472.32
2017,Colorado,CO,325129,63.7,2.7,5616,76812,518.46
2018,Colorado,CO,336365,64.4,3.3,5696,73034,567.43
1997,Connecticut,CT,190791,68.1,5,3269,68835,228.02
1998,Connecticut,CT,196248,69.3,3.4,3273,71811,239.44
1999,Connecticut,CT,202230,69.1,2.9,3282,76489,252.28
2000,Connecticut,CT,216370,70,2.4,3412,73363,271.82
2001,Connecticut,CT,220287,71.8,3.1,3433,74726,295.74
2002,Connecticut,CT,219959,71.5,4.3,3459,75847,324.07
2003,Connecticut,CT,222240,73,5.4,3484,75226,351.63
2004,Connecticut,CT,237133,71.7,5,3496,73427,393.99
2005,Connecticut,CT,242485,70.5,4.9,3507,74492,442.14
2006,Connecticut,CT,251581,71.1,4.3,3517,76115,467.13
2007,Connecticut,CT,261129,70.3,4.5,3527,74814,468.20
2008,Connecticut,CT,259722,70.7,5.7,3546,79446,448.15
2009,Connecticut,CT,248041,70.5,7.9,3562,77255,422.75
2010,Connecticut,CT,247461,70.8,9.1,3579,73194,406.87
2011,Connecticut,CT,242020,70.6,8.8,3588,72812,393.89
2012,Connecticut,CT,243801,68.8,8.3,3594,73258,386.40
2013,Connecticut,CT,241081,68.5,7.8,3595,70396,382.91
2014,Connecticut,CT,237558,67.4,6.6,3595,76174,382.91
2015,Connecticut,CT,241916,66.5,5.7,3588,76085,389.27
2016,Connecticut,CT,241447,64.2,5.1,3579,77910,392.42
2017,Connecticut,CT,239884,66.1,4.7,3574,75623,396.79
2018,Connecticut,CT,242171,65.3,4.1,3573,77870,403.23
1997,Delaware,DE,45231,69.2,4,735,67345,237.66
1998,Delaware,DE,49743,71,3.7,744,64013,245.40
1999,Delaware,DE,53862,71.6,3.4,754,70495,254.79
2000,Delaware,DE,56109,72,3.7,786,73646,269.40
2001,Delaware,DE,58882,75.4,3.5,796,69495,289.06
2002,Delaware,DE,56814,75.6,4,806,67088,312.24
2003,Delaware,DE,57957,77.2,4.3,818,59278,338.88
2004,Delaware,DE,60682,77.3,4,831,70522,385.64
2005,Delaware,DE,59974,75.8,4.1,845,58402,444.78
2006,Delaware,DE,61497,76.8,3.6,859,66039,487.08
2007,Delaware,DE,61235,76.8,3.4,872,63727,499.16
2008,Delaware,DE,58656,76.2,4.9,884,61141,482.51
2009,Delaware,DE,60404,76.5,8.3,892,64031,456.35
2010,Delaware,DE,60016,74.7,8.4,900,66274,437.10
2011,Delaware,DE,62017,74.2,7.5,907,65468,412.45
2012,Delaware,DE,61976,73.4,7.2,915,53659,404.18
2013,Delaware,DE,59157,74.1,6.7,924,61160,407.37
2014,Delaware,DE,63693,74.3,5.7,933,66545,414.19
2015,Delaware,DE,65635,73.3,4.9,941,61073,424.97
2016,Delaware,DE,63718,73,4.5,949,60740,436.19
2017,Delaware,DE,63651,70,4.5,957,65012,444.95
2018,Delaware,DE,63855,70.8,3.8,967,61216,464.97
1997,Florida,FL,560888,66.9,4.8,14683,50791,178.59
1998,Florida,FL,590135,66.9,4.3,14908,53901,187.44
1999,Florida,FL,616625,67.6,3.9,15111,54171,194.77
2000,Florida,FL,642693,68.4,3.7,16048,56817,207.98
2001,Florida,FL,658640,69.2,4.7,16357,51782,228.67
2002,Florida,FL,685304,68.7,5.6,16689,53222,252.07
2003,Florida,FL,715436,69.5,5.2,17004,53338,278.73
2004,Florida,FL,757054,72.2,4.6,17415,54017,326.62
2005,Florida,FL,806339,72.4,3.7,17842,53535,410.40
2006,Florida,FL,834346,72.4,3.2,18167,50468,475.39
2007,Florida,FL,835867,71.8,4,18368,50860,463.08
2008,Florida,FL,803218,71.1,6.3,18527,50480,383.88
2009,Florida,FL,758264,70.9,10.4,18653,52400,327.00
2010,Florida,FL,766199,69.3,11.1,18846,52444,294.89
2011,Florida,FL,763746,69,10,19093,48988,272.39
2012,Florida,FL,769309,67,8.5,19326,55412,270.71
2013,Florida,FL,784090,66.1,7.2,19563,57026,292.72
2014,Florida,FL,804322,64.9,6.3,19860,55596,320.25
2015,Florida,FL,835928,64.8,5.5,20224,51750,350.14
2016,Florida,FL,864029,64.3,4.8,20630,53551,383.30
2017,Florida,FL,885906,64.1,4.2,20977,54380,418.69
2018,Florida,FL,916975,65.5,3.6,21299,54644,455.30
1997,Georgia,GA,328995,70.9,4.6,7486,57376,197.52
1998,Georgia,GA,352713,71.2,4.3,7637,59701,209.54
1999,Georgia,GA,377608,71.3,3.9,7788,59605,222.32
2000,Georgia,GA,393195,69.8,3.6,8227,61269,235.72
2001,Georgia,GA,396875,70.1,4,8377,60533,252.97
2002,Georgia,GA,400092,71.8,5,8508,60102,264.44
2003,Georgia,GA,410588,71.4,4.8,8623,58081,274.56
2004,Georgia,GA,429314,70.9,4.8,8769,50848,286.75
2005,Georgia,GA,445533,67.9,5.3,8926,54616,302.84
2006,Georgia,GA,450584,68.5,4.7,9156,50919,316.58
2007,Georgia,GA,453061,67.6,4.5,9350,51440,325.73
2008,Georgia,GA,443416,68.2,6.2,9505,54046,318.54
2009,Georgia,GA,426264,67.4,9.9,9621,52726,303.86
2010,Georgia,GA,433027,67.1,10.5,9712,59196,282.04
2011,Georgia,GA,439891,66.2,10.2,9802,61605,260.82
2012,Georgia,GA,444132,64.3,9.2,9901,50738,251.04
2013,Georgia,GA,450772,64.2,8.2,9973,59053,261.11
2014,Georgia,GA,464061,62.9,7.1,10069,52614,278.85
2015,Georgia,GA,479242,62.9,6,10181,53809,296.61
2016,Georgia,GA,495226,62.3,5.4,10305,56011,315.67
2017,Georgia,GA,509422,62.8,4.7,10413,59398,336.74
2018,Georgia,GA,522424,63.8,3.9,10519,55821,365.86
1997,Hawaii,HI,55679,50.2,6.2,1189,63039,232.46
1998,Hawaii,HI,54360,52.8,6.1,1190,67284,231.81
1999,Hawaii,HI,55182,56.6,5.4,1185,64060,227.18
2000,Hawaii,HI,56417,55.2,4.2,1214,67447,233.42
2001,Hawaii,HI,56019,55.5,4.5,1226,75373,253.04
2002,Hawaii,HI,57912,57.9,4.2,1240,66210,272.54
2003,Hawaii,HI,60838,58.3,4.1,1251,70941,302.52
2004,Hawaii,HI,64928,60.6,3.4,1274,74949,371.64
2005,Hawaii,HI,68566,59.8,2.9,1293,76803,462.32
2006,Hawaii,HI,70403,59.9,2.6,1310,65289,528.87
2007,Hawaii,HI,71192,60.1,2.8,1316,75496,539.27
2008,Hawaii,HI,71689,59.1,4.3,1332,68719,513.00
2009,Hawaii,HI,69095,59.5,7.2,1347,77726,468.74
2010,Hawaii,HI,71007,56.1,6.9,1364,71927,450.47
2011,Hawaii,HI,72080,55.4,6.8,1379,66068,443.64
2012,Hawaii,HI,73583,57.2,6,1395,61648,448.90
2013,Hawaii,HI,74278,57.3,4.9,1408,69355,473.74
2014,Hawaii,HI,74504,58.4,4.4,1415,75619,507.79
2015,Hawaii,HI,77023,59.3,3.6,1422,68379,540.14
2016,Hawaii,HI,78757,57.7,3,1428,75480,575.11
2017,Hawaii,HI,79998,55.9,2.4,1424,75393,604.80
2018,Hawaii,HI,80798,59.5,2.4,1420,80108,638.72
1997,Iowa,IA,113365,72.7,3.1,2854,52276,166.09
1998,Iowa,IA,114230,72.1,2.7,2861,56636,174.14
1999,Iowa,IA,116663,73.9,2.6,2869,54124,181.65
2000,Iowa,IA,122159,75.2,2.6,2929,54370,189.14
2001,Iowa,IA,120669,76.6,3.3,2932,52790,199.02
2002,Iowa,IA,124097,73.9,4,2934,54996,206.28
2003,Iowa,IA,129316,73.4,4.5,2942,57991,213.78
2004,Iowa,IA,139749,73.2,4.5,2954,59112,223.56
2005,Iowa,IA,143876,73.9,4.3,2964,56941,234.53
2006,Iowa,IA,145887,74,3.7,2983,54881,240.75
2007,Iowa,IA,152251,73.7,3.7,2999,57696,245.97
2008,Iowa,IA,149132,74,4.2,3017,52508,247.12
2009,Iowa,IA,145618,72.4,6.4,3033,53102,246.92
2010,Iowa,IA,149536,71.1,6,3051,54304,245.18
2011,Iowa,IA,151248,71.2,5.5,3066,59712,244.47
2012,Iowa,IA,157251,70.2,5,3076,55441,247.12
2013,Iowa,IA,156637,69.8,4.7,3093,52330,251.09
2014,Iowa,IA,164721,69.4,4.2,3110,56737,256.14
2015,Iowa,IA,168252,68.8,3.8,3121,54716,264.59
2016,Iowa,IA,168909,70,3.6,3132,59189,274.29
2017,Iowa,IA,168332,70,3.1,3144,60947,286.15
2018,Iowa,IA,170749,68.9,2.5,3156,58728,298.87
1997,Idaho,ID,37015,72.3,5.1,1211,64606,183.50
1998,Idaho,ID,38791,72.6,5.1,1231,66669,190.12
1999,Idaho,ID,42496,70.3,4.9,1252,70044,193.49
2000,Idaho,ID,47325,70.5,4.7,1299,67357,196.85
2001,Idaho,ID,46062,71.7,5.1,1320,65644,207.19
2002,Idaho,ID,47208,73,5.6,1340,59781,213.46
2003,Idaho,ID,48536,74.4,5.6,1363,61797,222.07
2004,Idaho,ID,51241,73.7,4.9,1392,61403,238.37
2005,Idaho,ID,55387,74.2,4,1428,62028,274.29
2006,Idaho,ID,57590,75.1,3.5,1469,62383,320.16
2007,Idaho,ID,58703,74.5,3.1,1505,58549,338.92
2008,Idaho,ID,59704,75,5.1,1534,62262,330.08
2009,Idaho,ID,57088,75.5,8.8,1554,60765,307.88
2010,Idaho,ID,57907,72.4,9,1571,56658,279.18
2011,Idaho,ID,57797,72.4,8.3,1584,63745,254.32
2012,Idaho,ID,57764,73,7.2,1595,56690,257.17
2013,Idaho,ID,59831,71.5,6.1,1612,58236,271.22
2014,Idaho,ID,61367,69.6,4.8,1631,58306,286.65
2015,Idaho,ID,63208,70,4.2,1652,64032,304.76
2016,Idaho,ID,65565,70.5,3.8,1683,64235,327.63
2017,Idaho,ID,67161,69.9,3.2,1719,67577,358.39
2018,Idaho,ID,69892,69.2,2.8,1754,70145,403.49
1997,Illinois,IL,577804,68.1,4.8,12012,60860,217.18
1998,Illinois,IL,595833,68,4.4,12070,61347,224.22
1999,Illinois,IL,617315,67.1,4.4,12128,61741,233.14
2000,Illinois,IL,641749,67.9,4.3,12434,57409,247.80
2001,Illinois,IL,644181,69.4,5.3,12488,59754,262.65
2002,Illinois,IL,647868,70.1,6.5,12526,57453,278.87
2003,Illinois,IL,655835,70.7,6.8,12556,58064,293.77
2004,Illinois,IL,673262,72.7,6.2,12590,51980,318.30
2005,Illinois,IL,685897,70.9,5.7,12610,56408,346.49
2006,Illinois,IL,704495,70.4,4.5,12644,54699,365.97
2007,Illinois,IL,712710,69.4,5,12696,56690,371.23
2008,Illinois,IL,699430,68.9,6.3,12747,53253,356.89
2009,Illinois,IL,682966,69.1,10.2,12797,49730,333.08
2010,Illinois,IL,694961,68.8,10.4,12841,50575,315.97
2011,Illinois,IL,707060,68.4,9.7,12867,54389,300.78
2012,Illinois,IL,720702,66.8,9,12884,57610,295.36
2013,Illinois,IL,724616,67.2,9,12898,53397,296.47
2014,Illinois,IL,734218,66.4,7.1,12889,55097,305.74
2015,Illinois,IL,741725,65.4,6,12864,51027,316.51
2016,Illinois,IL,743817,65.3,5.8,12827,58697,326.49
2017,Illinois,IL,748162,65.4,4.9,12786,60200,337.21
2018,Illinois,IL,764212,66,4.3,12741,59892,348.53
1997,Indiana,IN,232247,74.1,3.5,5872,52869,187.57
1998,Indiana,IN,246380,72.6,3.1,5908,57159,195.81
1999,Indiana,IN,254489,72.9,3,5943,62134,202.06
2000,Indiana,IN,263693,74.9,3.1,6092,58258,208.41
2001,Indiana,IN,258661,75.3,4.2,6128,59939,218.72
2002,Indiana,IN,265106,75.1,5.2,6156,57456,225.01
2003,Indiana,IN,275194,74.4,5.3,6197,56639,231.12
2004,Indiana,IN,284656,75.8,5.4,6233,57823,237.62
2005,Indiana,IN,285492,75,5.5,6279,59936,246.30
2006,Indiana,IN,291269,74.2,5,6333,59507,250.10
2007,Indiana,IN,299423,73.8,4.6,6380,60084,253.61
2008,Indiana,IN,298264,74.4,5.9,6425,58623,252.02
2009,Indiana,IN,277474,72,10.3,6459,56573,247.86
2010,Indiana,IN,295133,71.2,10.4,6490,56191,242.82
2011,Indiana,IN,296472,72.1,9.1,6516,59377,238.92
2012,Indiana,IN,297553,72.1,8.3,6538,64951,239.38
2013,Indiana,IN,303920,71.7,7.7,6568,58557,241.75
2014,Indiana,IN,313057,70.1,6,6594,61379,246.45
2015,Indiana,IN,309877,69.4,4.8,6608,64500,255.84
2016,Indiana,IN,315130,70.9,4.4,6633,65014,265.22
2017,Indiana,IN,320084,70,3.6,6660,61836,277.88
2018,Indiana,IN,326148,69.8,3.4,6692,68718,298.03
1997,Kansas,KS,104770,66.5,3.8,2616,57076,156.81
1998,Kansas,KS,108508,66.7,3.5,2639,56684,164.65
1999,Kansas,KS,111201,67.5,3.3,2654,56465,173.17
2000,Kansas,KS,113972,69.3,3.6,2694,58882,182.05
2001,Kansas,KS,113853,70.4,4.2,2702,60038,191.90
2002,Kansas,KS,115552,70.3,5.1,2714,59654,200.24
2003,Kansas,KS,117478,70.3,5.5,2723,60537,207.08
2004,Kansas,KS,117883,69.9,5.5,2734,54725,216.06
2005,Kansas,KS,122258,69.5,5,2745,54171,225.81
2006,Kansas,KS,128899,70,4.4,2763,56871,232.96
2007,Kansas,KS,135667,69.4,4.2,2784,52463,239.12
2008,Kansas,KS,138658,68.8,4.6,2808,53155,238.77
2009,Kansas,KS,133277,67.4,6.9,2833,58878,237.83
2010,Kansas,KS,134945,67.4,7.1,2858,51634,235.25
2011,Kansas,KS,138563,65.4,6.5,2869,55975,231.78
2012,Kansas,KS,140478,63.2,5.7,2885,54788,232.28
2013,Kansas,KS,140506,63.5,5.3,2894,51632,234.53
2014,Kansas,KS,143154,64.7,4.5,2901,56743,240.05
2015,Kansas,KS,144932,64.9,4.2,2910,58152,248.48
2016,Kansas,KS,148249,67.1,4,2911,59446,259.86
2017,Kansas,KS,149421,66,3.7,2911,58287,271.76
2018,Kansas,KS,152262,67.3,3.4,2912,63938,287.43
1997,Kentucky,KY,146959,75,5.3,3908,52351,195.47
1998,Kentucky,KY,151551,75.1,4.6,3934,55975,204.15
1999,Kentucky,KY,156261,73.9,4.5,3961,54648,212.95
2000,Kentucky,KY,152118,73.4,4.2,4049,53028,222.12
2001,Kentucky,KY,151921,73.9,5.2,4068,51456,233.03
2002,Kentucky,KY,155676,73.7,5.7,4090,51007,240.82
2003,Kentucky,KY,159180,74.4,6.1,4117,50551,249.61
2004,Kentucky,KY,163436,73.3,5.4,4146,47454,261.36
2005,Kentucky,KY,168805,71.6,5.9,4183,50054,274.44
2006,Kentucky,KY,173337,71.7,5.7,4219,47303,283.39
2007,Kentucky,KY,171869,72.9,5.4,4257,47897,290.13
2008,Kentucky,KY,172151,72.8,6.4,4290,47442,291.83
2009,Kentucky,KY,165015,71.2,10.3,4317,48108,289.54
2010,Kentucky,KY,172045,70.3,10.2,4348,49296,286.09
2011,Kentucky,KY,174136,69.1,9.4,4369,44595,282.63
2012,Kentucky,KY,176302,68.7,8.2,4386,45018,284.20
2013,Kentucky,KY,179390,67.5,8,4405,48456,286.01
2014,Kentucky,KY,179753,67.6,6.5,4414,45427,289.79
2015,Kentucky,KY,180679,67.9,5.3,4426,44926,300.24
2016,Kentucky,KY,181614,67.9,5.1,4438,47474,312.58
2017,Kentucky,KY,183566,70.1,4.9,4454,50883,328.50
2018,Kentucky,KY,186148,69.8,4.3,4468,54555,346.52
1997,Louisiana,LA,201830,66.4,6,4351,52051,142.75
1998,Louisiana,LA,208683,66.6,5.7,4363,44917,150.35
1999,Louisiana,LA,212955,66.8,5.1,4372,49000,156.24
2000,Louisiana,LA,206685,68.1,5.3,4472,47376,161.69
2001,Louisiana,LA,209046,67.1,5.7,4478,49368,170.51
2002,Louisiana,LA,213146,67.4,6.1,4497,47601,177.12
2003,Louisiana,LA,221240,67.5,6.4,4521,45858,185.96
2004,Louisiana,LA,231602,70.6,5.9,4552,50125,196.23
2005,Louisiana,LA,245523,72.5,7.2,4577,44154,209.69
2006,Louisiana,LA,243332,71.3,4.5,4303,44627,232.38
2007,Louisiana,LA,234620,71.5,4.3,4376,49973,244.25
2008,Louisiana,LA,235276,73.5,4.9,4436,48673,245.11
2009,Louisiana,LA,238666,71.9,6.8,4492,48546,244.26
2010,Louisiana,LA,247351,70.4,8,4545,45024,240.62
2011,Louisiana,LA,234063,70.1,7.8,4575,42826,237.85
2012,Louisiana,LA,233623,68.7,7.1,4601,45493,241.11
2013,Louisiana,LA,226616,67.8,6.7,4625,50156,244.59
2014,Louisiana,LA,231841,65.3,6.4,4644,46255,250.19
2015,Louisiana,LA,231326,63.3,6.3,4665,53303,260.19
2016,Louisiana,LA,228526,64.2,6.1,4678,45555,270.32
2017,Louisiana,LA,228678,66.1,5.1,4671,47995,278.10
2018,Louisiana,LA,231161,65.7,4.9,4660,45359,284.88
1997,Massachussets,MA,302806,62.3,3.9,6115,51287,313.66
1998,Massachussets,MA,314880,61.3,3.3,6144,55030,335.50
1999,Massachussets,MA,331705,60.3,3.2,6175,58754,370.45
2000,Massachussets,MA,359521,59.9,2.7,6361,54492,423.91
2001,Massachussets,MA,362434,60.6,3.7,6398,52054,475.09
2002,Massachussets,MA,364797,62.6,5.3,6417,51583,532.85
2003,Massachussets,MA,373814,64.3,5.7,6423,50793,583.81
2004,Massachussets,MA,383487,63.8,5.1,6412,59338,649.45
2005,Massachussets,MA,390792,63.4,4.8,6403,53863,710.09
2006,Massachussets,MA,397743,65.2,4.9,6410,55730,715.28
2007,Massachussets,MA,407974,64.3,4.6,6432,55602,691.81
2008,Massachussets,MA,412601,65.7,5.5,6469,54902,655.15
2009,Massachussets,MA,408062,65.1,8.1,6518,55076,625.45
2010,Massachussets,MA,424581,65.3,8.3,6566,53796,613.63
2011,Massachussets,MA,434724,65.3,7.3,6613,56615,602.45
2012,Massachussets,MA,444330,65.8,6.7,6663,55321,600.44
2013,Massachussets,MA,444866,65.3,6.7,6714,55216,614.97
2014,Massachussets,MA,453479,63,5.7,6764,58146,642.33
2015,Massachussets,MA,469770,60.5,4.8,6796,56983,670.90
2016,Massachussets,MA,477857,59.7,3.9,6826,53216,704.76
2017,Massachussets,MA,488339,60,3.8,6863,54616,748.39
2018,Massachussets,MA,501337,61.5,3.3,6902,58663,794.83
1997,Maryland,MD,221184,70.5,5,5093,73060,217.50
1998,Maryland,MD,231831,68.7,4.4,5130,77227,223.94
1999,Maryland,MD,240910,69.6,3.6,5172,78926,230.81
2000,Maryland,MD,250982,69.9,3.6,5311,79743,243.59
2001,Maryland,MD,260776,70.7,4,5375,76107,263.26
2002,Maryland,MD,270885,72,4.4,5440,78953,290.79
2003,Maryland,MD,277950,71.6,4.4,5496,71598,321.99
2004,Maryland,MD,292115,72.1,4.3,5547,76096,380.24
2005,Maryland,MD,305993,71.2,4.1,5592,77997,461.99
2006,Maryland,MD,311680,72.6,3.9,5627,79488,521.05
2007,Maryland,MD,312093,71.7,3.5,5653,79678,529.90
2008,Maryland,MD,315859,70.6,4.2,5685,75305,490.70
2009,Maryland,MD,314863,69.6,7,5730,74487,444.94
2010,Maryland,MD,327235,68.9,7.7,5789,74100,423.50
2011,Maryland,MD,334307,69.7,7.2,5839,77066,406.51
2012,Maryland,MD,334822,68.5,7,5887,78711,402.92
2013,Maryland,MD,334939,66.9,6.6,5924,74881,409.81
2014,Maryland,MD,338707,66.2,5.8,5958,80867,421.03
2015,Maryland,MD,344454,67.1,5.1,5987,78002,431.72
2016,Maryland,MD,355075,66.5,4.5,6005,77183,445.00
2017,Maryland,MD,362043,66.9,4.3,6025,84094,460.27
2018,Maryland,MD,367915,66.6,3.9,6043,86223,477.92
1997,Maine,ME,43035,74.9,5.1,1245,65764,240.74
1998,Maine,ME,44233,74.6,4.5,1248,65383,253.04
1999,Maine,ME,46393,77.4,4,1253,66529,268.15
2000,Maine,ME,48524,76.5,3.4,1277,68364,290.57
2001,Maine,ME,49419,75.5,3.8,1286,74291,319.16
2002,Maine,ME,50633,74,4.3,1296,69782,350.80
2003,Maine,ME,51729,73.7,5,1307,69738,383.01
2004,Maine,ME,53530,74.7,4.6,1314,69321,430.78
2005,Maine,ME,53613,73.9,4.9,1319,72203,479.58
2006,Maine,ME,54270,75.3,4.6,1324,69078,500.17
2007,Maine,ME,54001,74.3,4.7,1327,70977,507.50
2008,Maine,ME,53921,73.9,5.5,1331,69658,499.20
2009,Maine,ME,53064,74,8.1,1330,70523,478.15
2010,Maine,ME,53776,73.8,8.1,1328,70329,461.80
2011,Maine,ME,53088,73.9,7.9,1328,70842,452.82
2012,Maine,ME,52874,74.1,7.5,1328,69748,447.47
2013,Maine,ME,52505,73.5,6.6,1328,67513,449.89
2014,Maine,ME,53418,71,5.6,1331,67049,456.01
2015,Maine,ME,53606,69.9,4.4,1328,71926,470.22
2016,Maine,ME,54707,72.6,3.8,1331,75620,489.27
2017,Maine,ME,55617,71,3.4,1335,78102,515.31
2018,Maine,ME,56689,71.2,3.4,1338,86345,544.09
1997,Michigan,MI,397339,73.3,4.3,9785,53961,213.07
1998,Michigan,MI,406293,74.4,3.9,9820,60630,226.33
1999,Michigan,MI,429356,76.5,3.7,9864,53411,241.50
2000,Michigan,MI,438277,77.2,3.6,9952,64574,258.97
2001,Michigan,MI,423624,77.1,5.2,9991,54691,274.07
2002,Michigan,MI,435250,76,6.3,10016,58209,286.00
2003,Michigan,MI,443795,75.6,7.2,10041,54802,295.73
2004,Michigan,MI,444198,77.1,7,10055,64046,307.33
2005,Michigan,MI,450746,76.4,6.8,10051,61076,317.52
2006,Michigan,MI,443308,77.4,7,10036,69680,312.71
2007,Michigan,MI,441149,76.4,7,10001,55215,299.65
2008,Michigan,MI,416702,75.9,8,9947,59788,276.55
2009,Michigan,MI,380091,74.5,13.7,9902,66549,256.39
2010,Michigan,MI,400941,74.5,12.6,9878,57450,238.87
2011,Michigan,MI,411466,74.1,10.4,9882,59938,229.61
2012,Michigan,MI,418857,74.8,9.1,9897,60735,229.97
2013,Michigan,MI,424320,73.9,8.8,9913,61618,244.30
2014,Michigan,MI,430501,73.8,7.2,9931,56311,261.63
2015,Michigan,MI,440310,74.6,5.4,9933,59740,276.31
2016,Michigan,MI,448713,72.8,5,9952,59205,291.93
2017,Michigan,MI,456004,72.9,4.6,9976,57780,313.54
2018,Michigan,MI,468387,73,4.1,9996,60449,336.32
1997,Minnesota,MN,211942,75.4,3.3,4688,66611,184.94
1998,Minnesota,MN,222971,75.4,2.7,4726,74000,195.91
1999,Minnesota,MN,230684,76.1,2.8,4776,71115,211.84
2000,Minnesota,MN,245982,76.1,3.2,4934,79328,234.03
2001,Minnesota,MN,246058,76.1,3.8,4983,74900,258.18
2002,Minnesota,MN,252414,77.3,4.5,5019,76454,281.45
2003,Minnesota,MN,263869,77.2,4.9,5054,72294,302.29
2004,Minnesota,MN,274713,76.4,4.7,5088,74765,329.96
2005,Minnesota,MN,282094,76.5,4.1,5120,65806,356.83
2006,Minnesota,MN,281970,75.6,4,5164,70178,366.37
2007,Minnesota,MN,283212,73.5,4.6,5207,69880,363.77
2008,Minnesota,MN,285792,73.1,5.4,5247,70485,345.76
2009,Minnesota,MN,275453,72.9,7.8,5281,60388,327.58
2010,Minnesota,MN,284864,72.6,7.4,5311,64215,310.64
2011,Minnesota,MN,290630,71.3,6.5,5346,64695,295.03
2012,Minnesota,MN,294297,72,5.6,5377,67709,293.52
2013,Minnesota,MN,300633,73.4,5,5414,69451,306.75
2014,Minnesota,MN,308197,71.4,4.2,5452,71395,321.34
2015,Minnesota,MN,311336,70.1,3.7,5483,72847,334.57
2016,Minnesota,MN,317618,72.4,3.9,5523,73477,351.24
2017,Minnesota,MN,324264,72.7,3.4,5568,71681,374.30
2018,Minnesota,MN,331377,69.8,2.9,5611,71817,398.44
1997,Missouri,MO,228293,70.5,4.3,5407,44600,184.06
1998,Missouri,MO,232074,70.7,4.2,5438,44963,191.54
1999,Missouri,MO,238361,72.9,3.3,5468,42882,200.84
2000,Missouri,MO,246049,74.2,3.6,5607,49102,212.42
2001,Missouri,MO,244407,74,4.6,5641,43225,225.04
2002,Missouri,MO,246813,74.8,5.4,5675,50153,237.43
2003,Missouri,MO,251788,74,5.6,5709,44792,248.17
2004,Missouri,MO,257259,72.4,5.9,5748,46315,263.77
2005,Missouri,MO,261530,72.3,5.4,5790,42374,281.20
2006,Missouri,MO,263233,71.9,4.8,5843,43363,292.36
2007,Missouri,MO,264382,70.4,5.1,5888,45976,297.64
2008,Missouri,MO,270608,71.4,6.1,5924,37714,292.98
2009,Missouri,MO,265310,72,9.3,5961,41154,285.17
2010,Missouri,MO,269735,71.2,9.6,5996,40148,277.10
2011,Missouri,MO,266726,71.1,8.5,6010,34916,268.86
2012,Missouri,MO,268762,70.8,6.9,6024,42435,268.02
2013,Missouri,MO,271902,71.3,6.7,6041,44044,268.78
2014,Missouri,MO,272774,70.5,6.1,6056,43006,274.63
2015,Missouri,MO,275819,68.5,5,6072,45259,284.96
2016,Missouri,MO,273206,66.7,4.6,6087,44336,297.88
2017,Missouri,MO,275783,67.6,3.8,6109,42781,311.88
2018,Missouri,MO,282208,69.7,3.2,6126,42611,331.42
1997,Mississipi,MS,83197,73.7,5.7,2732,57204,162.88
1998,Mississipi,MS,85333,75.1,5.3,2751,62072,171.34
1999,Mississipi,MS,87647,74.9,5.1,2769,62565,178.57
2000,Mississipi,MS,88143,75.2,5.4,2848,58774,183.98
2001,Mississipi,MS,87200,74.5,5.5,2853,65943,193.71
2002,Mississipi,MS,88125,74.9,6.6,2859,59873,198.65
2003,Mississipi,MS,91715,73.4,6.3,2868,59893,205.17
2004,Mississipi,MS,93651,74,6.2,2889,56152,213.09
2005,Mississipi,MS,95228,78.8,7.5,2906,55407,225.39
2006,Mississipi,MS,97748,76.2,6.5,2905,55656,245.07
2007,Mississipi,MS,100204,74,6.1,2928,55852,257.23
2008,Mississipi,MS,104386,75.4,6.6,2948,57217,256.73
2009,Mississipi,MS,99463,75.5,9.5,2959,51217,251.91
2010,Mississipi,MS,99984,74.8,10.4,2971,54527,243.53
2011,Mississipi,MS,98728,74.8,10,2978,52881,239.13
2012,Mississipi,MS,99615,74.2,9,2984,53825,238.77
2013,Mississipi,MS,99622,74.2,8.5,2989,49994,238.10
2014,Mississipi,MS,99430,73.2,7.5,2991,60126,241.14
2015,Mississipi,MS,99780,70.7,6.4,2989,57569,249.05
2016,Mississipi,MS,100120,69.7,5.8,2988,57908,255.94
2017,Mississipi,MS,100590,71,5.1,2990,62742,262.45
2018,Mississipi,MS,101630,72.5,4.8,2987,61726,271.32
1997,Montana,MT,29169,67.5,5.3,879,45716,192.90
1998,Montana,MT,30466,68.6,5.5,880,48756,199.55
1999,Montana,MT,30598,70.6,5.3,883,46925,204.59
2000,Montana,MT,31375,70.2,5,904,47928,212.54
2001,Montana,MT,31651,68.3,4.5,907,45675,224.50
2002,Montana,MT,32527,69.4,4.4,912,48758,236.69
2003,Montana,MT,33843,71.5,4.7,920,46681,252.04
2004,Montana,MT,35375,72.4,4.8,930,45250,276.81
2005,Montana,MT,37077,70.4,4.4,940,48095,311.34
2006,Montana,MT,38431,69.5,3.5,953,51319,347.00
2007,Montana,MT,40379,67.3,3.6,965,47442,371.66
2008,Montana,MT,40162,70.3,5.1,976,50156,376.50
2009,Montana,MT,39337,70.7,6.8,984,52999,368.40
2010,Montana,MT,40544,68.1,7.3,991,47645,353.16
2011,Montana,MT,41473,68.4,6.9,997,45066,343.17
2012,Montana,MT,42006,67.8,6,1004,49403,348.75
2013,Montana,MT,42434,67.4,5.4,1014,46644,361.69
2014,Montana,MT,43092,66.9,4.7,1022,54256,375.50
2015,Montana,MT,44724,66.4,4.2,1031,59724,392.51
2016,Montana,MT,44213,67.1,4.1,1041,58806,409.21
2017,Montana,MT,44396,67.6,3.9,1053,54474,430.40
2018,Montana,MT,44801,67.4,3.7,1062,57679,457.86
1997,North Carolina,NC,316366,70.2,3.7,7429,54292,210.10
1998,North Carolina,NC,326225,71.3,3.5,7546,56223,220.57
1999,North Carolina,NC,344425,71.7,3.2,7651,58397,228.91
2000,North Carolina,NC,354846,71.1,3.7,8082,61048,237.44
2001,North Carolina,NC,361355,71.3,5.5,8210,62004,250.09
2002,North Carolina,NC,366035,70,6.6,8326,59901,257.94
2003,North Carolina,NC,374503,70,6.4,8423,60184,266.01
2004,North Carolina,NC,388700,69.8,5.5,8553,58350,276.41
2005,North Carolina,NC,407491,70.9,5.2,8705,61770,294.23
2006,North Carolina,NC,432589,70.2,4.7,8917,60108,315.50
2007,North Carolina,NC,436437,70.3,4.7,9118,59700,332.29
2008,North Carolina,NC,446920,69.4,6.1,9309,59308,335.86
2009,North Carolina,NC,427108,70.1,10.6,9450,58186,328.14
2010,North Carolina,NC,433404,69.5,10.9,9574,60599,313.24
2011,North Carolina,NC,439089,68.3,10.3,9657,57191,301.79
2012,North Carolina,NC,439571,67.2,9.3,9749,62229,296.99
2013,North Carolina,NC,445361,67.3,8,9844,62216,299.45
2014,North Carolina,NC,453629,66.4,6.3,9934,60380,306.58
2015,North Carolina,NC,467754,65.2,5.7,10033,64097,320.14
2016,North Carolina,NC,472931,65.7,5.1,10157,62129,337.02
2017,North Carolina,NC,482010,66.3,4.5,10271,61035,356.84
2018,North Carolina,NC,496110,65.2,3.9,10384,67575,382.77
1997,North Dakota,ND,22411,68.1,2.7,641,60805,147.68
1998,North Dakota,ND,23682,68,2.9,638,61385,155.35
1999,North Dakota,ND,23705,70.1,3.3,634,62683,157.70
2000,North Dakota,ND,24598,70.7,3,642,66909,160.82
2001,North Dakota,ND,25017,71,2.9,639,64552,168.93
2002,North Dakota,ND,26370,69.4,3.7,638,62928,176.41
2003,North Dakota,ND,27994,68.7,3.7,639,61840,185.67
2004,North Dakota,ND,28267,70,3.4,645,60344,198.79
2005,North Dakota,ND,29107,68.5,3.4,646,51863,214.77
2006,North Dakota,ND,30262,68.3,3.2,649,55979,228.23
2007,North Dakota,ND,31668,66,3.1,653,59094,239.62
2008,North Dakota,ND,34155,66.6,3.2,658,62905,247.15
2009,North Dakota,ND,35043,65.7,4.1,665,52954,250.65
2010,North Dakota,ND,37697,67.1,3.8,675,52637,253.67
2011,North Dakota,ND,41942,68.3,3.5,685,55123,262.94
2012,North Dakota,ND,51345,66.2,3.1,701,58003,278.84
2013,North Dakota,ND,52531,68,2.9,722,64004,305.28
2014,North Dakota,ND,56305,64.5,2.7,737,62139,327.31
2015,North Dakota,ND,54611,61.8,2.8,754,59456,346.13
2016,North Dakota,ND,50752,61.4,3.1,754,65629,355.62
2017,North Dakota,ND,49916,62.6,2.7,755,65273,363.07
2018,North Dakota,ND,51160,61.9,2.6,760,61864,367.80
1997,Nebraska,NE,70722,66.7,2.5,1656,64160,178.87
1998,Nebraska,NE,72310,69.9,2.6,1661,69417,187.10
1999,Nebraska,NE,73884,70.9,2.8,1666,69629,195.24
2000,Nebraska,NE,76623,70.2,2.8,1714,74466,202.10
2001,Nebraska,NE,78258,70.1,3.1,1720,72980,210.51
2002,Nebraska,NE,79665,68.5,3.6,1728,77433,217.35
2003,Nebraska,NE,84120,69.5,3.9,1739,76050,224.00
2004,Nebraska,NE,86082,71.2,3.9,1749,75712,234.68
2005,Nebraska,NE,88894,70.2,3.8,1761,73450,245.02
2006,Nebraska,NE,91387,67.6,3.1,1773,75240,249.62
2007,Nebraska,NE,93388,68.2,3,1783,77369,252.61
2008,Nebraska,NE,93569,69.6,3.3,1796,82041,251.85
2009,Nebraska,NE,94050,70.2,4.6,1813,77368,250.95
2010,Nebraska,NE,97857,70.4,4.6,1830,76907,249.05
2011,Nebraska,NE,102333,68.9,4.4,1841,73714,248.37
2012,Nebraska,NE,102269,69.3,4,1853,74310,251.40
2013,Nebraska,NE,105038,68.2,3.8,1865,74607,257.90
2014,Nebraska,NE,107132,66.7,3.3,1880,77928,266.57
2015,Nebraska,NE,109673,68.1,3,1892,80208,278.82
2016,Nebraska,NE,110226,68,3.1,1906,79799,290.89
2017,Nebraska,NE,110526,66.1,2.9,1918,77474,309.39
2018,Nebraska,NE,112170,66.4,2.8,1929,81346,328.91
1997,New Hampshire,NH,48425,66.8,3.3,1173,75151,202.32
1998,New Hampshire,NH,51603,69.6,2.8,1186,76934,215.36
1999,New Hampshire,NH,53058,70.2,2.7,1201,75191,233.97
2000,New Hampshire,NH,56720,69.2,2.7,1240,73704,265.24
2001,New Hampshire,NH,57433,68.4,3.4,1256,73606,297.85
2002,New Hampshire,NH,59041,69.5,4.5,1269,76379,333.36
2003,New Hampshire,NH,61610,74.4,4.3,1280,76704,364.74
2004,New Hampshire,NH,63499,73.3,3.8,1290,73660,405.83
2005,New Hampshire,NH,64356,74,3.6,1298,69751,448.73
2006,New Hampshire,NH,65945,74.2,3.4,1308,75998,461.79
2007,New Hampshire,NH,65698,73.8,3.5,1313,81678,454.79
2008,New Hampshire,NH,65017,75,3.9,1316,72677,433.48
2009,New Hampshire,NH,64450,76,6.2,1316,73075,406.78
2010,New Hampshire,NH,66442,74.9,5.8,1317,68836,391.18
2011,New Hampshire,NH,66840,74.1,5.4,1320,84970,378.62
2012,New Hampshire,NH,67689,74.8,5.5,1324,69270,372.98
2013,New Hampshire,NH,68800,74.1,5.1,1326,73460,375.98
2014,New Hampshire,NH,69474,72.2,4.3,1333,76352,387.83
2015,New Hampshire,NH,71175,71.6,3.4,1336,72452,403.31
2016,New Hampshire,NH,72544,71.8,2.9,1342,71645,420.24
2017,New Hampshire,NH,73981,71.6,2.7,1350,72977,443.15
2018,New Hampshire,NH,75615,73.4,2.5,1356,74176,471.85
1997,New Jersey,NJ,426187,63.1,5.3,8054,48704,242.96
1998,New Jersey,NJ,433779,63.1,4.6,8096,47083,253.29
1999,New Jersey,NJ,448808,64.5,4.5,8143,49247,266.03
2000,New Jersey,NJ,473035,66.2,3.7,8431,51314,289.80
2001,New Jersey,NJ,476508,66.5,4.3,8493,47094,318.46
2002,New Jersey,NJ,487050,66.9,5.8,8553,49629,356.98
2003,New Jersey,NJ,499695,66.9,5.8,8601,48045,395.01
2004,New Jersey,NJ,507585,68.8,4.8,8635,52721,454.07
2005,New Jersey,NJ,513499,70.1,4.5,8652,50201,525.56
2006,New Jersey,NJ,524056,69,4.7,8662,49974,570.92
2007,New Jersey,NJ,526814,68.3,4.3,8678,49223,570.32
2008,New Jersey,NJ,533054,67.3,5.3,8711,43368,539.19
2009,New Jersey,NJ,511150,65.9,9.1,8756,53850,501.66
2010,New Jersey,NJ,516589,66.5,9.5,8800,52093,484.03
2011,New Jersey,NJ,510929,66.4,9.3,8828,46974,464.72
2012,New Jersey,NJ,519746,66.6,9.3,8845,47580,452.33
2013,New Jersey,NJ,523334,64.9,8.2,8858,51084,454.02
2014,New Jersey,NJ,525023,65.2,6.8,8867,49568,464.83
2015,New Jersey,NJ,533615,64,5.8,8871,47822,477.30
2016,New Jersey,NJ,537149,62.2,5,8875,50699,490.43
2017,New Jersey,NJ,543993,64.1,4.6,8889,46713,504.12
2018,New Jersey,NJ,554672,65,4.1,8909,48283,524.61
1997,New Mexico,NM,67446,69.6,6.3,1723,56022,190.63
1998,New Mexico,NM,67087,71.3,6.1,1734,57738,195.34
1999,New Mexico,NM,70716,72.6,5.6,1740,60458,197.70
2000,New Mexico,NM,71956,73.7,4.9,1821,59577,199.84
2001,New Mexico,NM,72053,70.8,4.9,1832,58740,208.48
2002,New Mexico,NM,74275,70,5.5,1855,58560,216.04
2003,New Mexico,NM,77132,70.3,5.9,1878,59876,227.06
2004,New Mexico,NM,82843,71.5,5.5,1904,59500,243.48
2005,New Mexico,NM,83825,71.4,5.1,1932,60808,272.49
2006,New Mexico,NM,85891,72,4.2,1962,58996,308.71
2007,New Mexico,NM,86511,71.5,3.8,1990,60204,328.22
2008,New Mexico,NM,85977,70.4,4.5,2011,59421,324.08
2009,New Mexico,NM,87667,69.1,7.5,2037,58915,310.73
2010,New Mexico,NM,87004,68.6,8.1,2065,56657,299.13
2011,New Mexico,NM,87166,69.1,7.5,2080,57456,285.48
2012,New Mexico,NM,87602,66.8,7.1,2088,53949,280.44
2013,New Mexico,NM,86506,67.3,6.9,2093,52243,282.77
2014,New Mexico,NM,89151,66.3,6.7,2090,57662,285.33
2015,New Mexico,NM,90868,66.5,6.5,2090,61480,291.47
2016,New Mexico,NM,90970,67.4,6.6,2093,64288,300.40
2017,New Mexico,NM,90989,66.6,5.9,2093,63043,311.35
2018,New Mexico,NM,92591,68,4.9,2095,67274,323.00
1997,Nevada,NV,90368,61.2,4.4,1676,56088,179.67
1998,Nevada,NV,94947,61.4,4.2,1744,55336,185.07
1999,Nevada,NV,101277,63.7,4,1809,56323,187.29
2000,Nevada,NV,105344,64,4.2,2019,56029,193.05
2001,Nevada,NV,106657,64.6,5.2,2098,54257,205.49
2002,Nevada,NV,110020,65.3,5.6,2174,51110,218.61
2003,Nevada,NV,115571,64.8,5.1,2249,51021,238.03
2004,Nevada,NV,128885,65.7,4.3,2346,53622,306.28
2005,Nevada,NV,139695,63.4,4.1,2432,54208,378.15
2006,Nevada,NV,145209,65.7,4,2523,49165,410.01
2007,Nevada,NV,144405,63.3,4.5,2601,49686,391.50
2008,Nevada,NV,138863,63.6,6.7,2654,50588,312.69
2009,Nevada,NV,127242,62.4,11.3,2685,52827,250.63
2010,Nevada,NV,128827,59.7,13.5,2702,50581,215.81
2011,Nevada,NV,129734,56.2,13,2713,45530,188.11
2012,Nevada,NV,128043,55.7,11.2,2745,50030,185.31
2013,Nevada,NV,128273,56,9.6,2777,50191,215.63
2014,Nevada,NV,129660,56,7.9,2819,49672,250.01
2015,Nevada,NV,135100,54.8,6.8,2869,53840,276.83
2016,Nevada,NV,138284,54.5,5.7,2920,56259,302.67
2017,Nevada,NV,141709,55,5.1,2972,50755,332.92
2018,Nevada,NV,146225,57.8,4.6,3034,53369,380.02
1997,New York,NY,976940,52.6,6.4,18143,49548,288.30
1998,New York,NY,996663,52.8,5.6,18159,46791,303.11
1999,New York,NY,1048059,52.8,5.2,18197,49382,320.48
2000,New York,NY,1088005,53.4,4.5,19002,52635,349.59
2001,New York,NY,1112239,53.9,4.8,19083,50889,382.37
2002,New York,NY,1102140,54.8,6.1,19138,50669,422.40
2003,New York,NY,1104937,54.3,6.4,19176,55306,465.47
2004,New York,NY,1132504,54.8,5.8,19172,52265,524.34
2005,New York,NY,1171051,55.9,5,19133,54383,593.34
2006,New York,NY,1199904,55.7,4.5,19105,51246,632.41
2007,New York,NY,1202726,55.9,4.6,19132,57309,636.13
2008,New York,NY,1175471,55,5.4,19212,58026,617.58
2009,New York,NY,1223229,54.4,8.3,19307,58749,590.98
2010,New York,NY,1269487,54.5,8.6,19400,58870,574.11
2011,New York,NY,1269245,53.6,8.3,19499,63063,562.24
2012,New York,NY,1322448,53.6,8.5,19575,61634,555.36
2013,New York,NY,1319299,53,7.7,19628,62977,559.63
2014,New York,NY,1348204,52.9,6.3,19656,66505,571.33
2015,New York,NY,1369097,51.5,5.3,19661,61103,592.10
2016,New York,NY,1388267,51.5,4.9,19642,63867,614.21
2017,New York,NY,1407217,51.1,4.7,19591,60854,645.40
2018,New York,NY,1436957,51,4.1,19542,64479,683.89
1997,Ohio,OH,471886,69,4.6,11212,56548,195.16
1998,Ohio,OH,487904,70.7,4.3,11238,60102,204.27
1999,Ohio,OH,499060,70.7,4.3,11257,59702,211.85
2000,Ohio,OH,508992,71.3,4,11364,59408,219.88
2001,Ohio,OH,501815,71.2,4.3,11387,62821,231.59
2002,Ohio,OH,514752,72.1,5.7,11408,53826,239.47
2003,Ohio,OH,522649,72.8,6.2,11435,59745,247.17
2004,Ohio,OH,534359,73.1,6.3,11452,52961,255.95
2005,Ohio,OH,543745,73.3,5.9,11463,59562,265.10
2006,Ohio,OH,541180,72.1,5.4,11481,57376,266.34
2007,Ohio,OH,541411,71.4,5.6,11500,54873,264.08
2008,Ohio,OH,537200,70.8,6.4,11515,49957,257.34
2009,Ohio,OH,509216,69.7,10.3,11529,48622,251.05
2010,Ohio,OH,521095,69.7,10.3,11539,57305,243.94
2011,Ohio,OH,538703,68.9,8.8,11543,59609,235.87
2012,Ohio,OH,540819,67.9,7.4,11548,56975,234.30
2013,Ohio,OH,550800,67.9,7.5,11577,54793,234.80
2014,Ohio,OH,570362,67.3,5.8,11603,52708,241.31
2015,Ohio,OH,577277,66.4,4.9,11618,56494,250.88
2016,Ohio,OH,581594,66.1,5,11635,56490,261.38
2017,Ohio,OH,590884,66,5,11664,62167,275.13
2018,Ohio,OH,601496,67.3,4.6,11689,61633,292.08
1997,Oklahoma,OK,115414,68.5,4.1,3314,49063,128.77
1998,Oklahoma,OK,117867,69.7,4.3,3339,52076,135.12
1999,Oklahoma,OK,119725,71.5,3.5,3358,49412,140.53
2000,Oklahoma,OK,124111,72.7,3,3454,47423,146.06
2001,Oklahoma,OK,128721,71.5,3.7,3467,50627,154.21
2002,Oklahoma,OK,131078,69.6,4.7,3489,51030,160.24
2003,Oklahoma,OK,133084,69.1,5.5,3505,49136,166.74
2004,Oklahoma,OK,137436,71.1,4.9,3525,52790,173.58
2005,Oklahoma,OK,143073,72.9,4.5,3549,48523,182.38
2006,Oklahoma,OK,152659,71.6,4,3594,48488,190.96
2007,Oklahoma,OK,155465,70.3,4.1,3634,52466,199.20
2008,Oklahoma,OK,161361,70.4,3.7,3669,49749,203.17
2009,Oklahoma,OK,159236,69.6,6.4,3718,53825,204.18
2010,Oklahoma,OK,159227,69.2,6.8,3760,53910,202.66
2011,Oklahoma,OK,165153,69.4,5.9,3788,54217,199.46
2012,Oklahoma,OK,173484,68.8,5.2,3819,53040,202.34
2013,Oklahoma,OK,177602,69.9,5.3,3853,49841,205.78
2014,Oklahoma,OK,188065,69.3,4.5,3878,50113,211.81
2015,Oklahoma,OK,194565,67.4,4.4,3910,53307,220.32
2016,Oklahoma,OK,189122,66.8,4.8,3927,53147,226.85
2017,Oklahoma,OK,189569,68.9,4.2,3933,54434,235.21
2018,Oklahoma,OK,193030,69.5,3.4,3943,49897,243.22
1997,Oregon,OR,118539,61,5.7,3243,58290,226.19
1998,Oregon,OR,124171,63.4,5.7,3282,60321,237.53
1999,Oregon,OR,126884,64.3,5.5,3316,61410,243.62
2000,Oregon,OR,137802,65.3,5.1,3430,58680,250.63
2001,Oregon,OR,136688,65.8,6.4,3468,62144,264.78
2002,Oregon,OR,139698,66.2,7.5,3513,58510,276.03
2003,Oregon,OR,145585,68,8.1,3547,56986,289.27
2004,Oregon,OR,152798,69,7.3,3569,54629,316.72
2005,Oregon,OR,158463,68.2,6.2,3613,56919,369.31
2006,Oregon,OR,167912,68.1,5.3,3671,57603,430.70
2007,Oregon,OR,171114,65.7,5.2,3722,58792,454.81
2008,Oregon,OR,173955,66.2,6.5,3769,58404,438.53
2009,Oregon,OR,166653,68.2,11.3,3809,60989,400.79
2010,Oregon,OR,169016,66.3,10.6,3838,57653,372.02
2011,Oregon,OR,173883,66.4,9.5,3872,60476,345.93
2012,Oregon,OR,174493,66.1,8.8,3899,56730,343.82
2013,Oregon,OR,175805,64.2,7.9,3923,52905,367.59
2014,Oregon,OR,181992,62.8,6.8,3964,62509,398.53
2015,Oregon,OR,191595,61.1,5.6,4017,64478,434.07
2016,Oregon,OR,200332,62.6,4.8,4091,61879,482.50
2017,Oregon,OR,206711,61.8,4.1,4147,64021,526.42
2018,Oregon,OR,213708,62,4.2,4191,69165,564.25
1997,Pennsylvania,PA,495814,73.3,5.1,12016,58713,216.68
1998,Pennsylvania,PA,508484,73.9,4.6,12002,60241,224.39
1999,Pennsylvania,PA,523565,75.2,4.4,11994,57085,229.90
2000,Pennsylvania,PA,537224,74.7,4.1,12284,61671,238.13
2001,Pennsylvania,PA,544791,74.3,4.8,12299,61845,254.07
2002,Pennsylvania,PA,550247,74,5.6,12331,59484,270.59
2003,Pennsylvania,PA,562436,73.7,5.7,12375,58759,289.05
2004,Pennsylvania,PA,578034,74.9,5.4,12411,58776,318.92
2005,Pennsylvania,PA,588055,73.3,5,12450,59678,356.15
2006,Pennsylvania,PA,592030,73.2,4.6,12511,60523,383.54
2007,Pennsylvania,PA,612018,72.9,4.4,12564,56517,394.39
2008,Pennsylvania,PA,623821,72.6,5.3,12612,58805,390.68
2009,Pennsylvania,PA,605497,72.2,8,12667,55763,381.02
2010,Pennsylvania,PA,622467,72.2,8.5,12711,60096,372.95
2011,Pennsylvania,PA,631372,71.1,7.9,12745,55845,364.98
2012,Pennsylvania,PA,641317,71,7.8,12767,56871,361.95
2013,Pennsylvania,PA,651319,71.5,7.4,12777,59552,365.30
2014,Pennsylvania,PA,664793,69.7,5.9,12789,58579,371.27
2015,Pennsylvania,PA,677873,69.6,5.3,12786,64006,381.40
2016,Pennsylvania,PA,685462,68.5,5.4,12784,63809,392.92
2017,Pennsylvania,PA,697183,68.6,4.9,12790,62779,408.07
2018,Pennsylvania,PA,712101,69.9,4.3,12807,64524,428.33
1997,Rhode Island,RI,40159,58.7,5.1,987,54456,243.39
1998,Rhode Island,RI,41789,59.8,4.6,988,62821,252.68
1999,Rhode Island,RI,43176,60.6,4.2,991,64585,263.50
2000,Rhode Island,RI,45246,61.5,4.1,1050,61702,291.15
2001,Rhode Island,RI,45918,60.1,4.6,1057,65007,323.80
2002,Rhode Island,RI,47611,59.4,5,1066,59371,373.82
2003,Rhode Island,RI,49374,59.9,5.3,1071,61192,428.67
2004,Rhode Island,RI,51583,61.5,5.2,1075,60578,508.60
2005,Rhode Island,RI,52316,63.1,5,1068,62246,578.01
2006,Rhode Island,RI,53518,64.6,4.9,1063,54864,601.41
2007,Rhode Island,RI,52087,64.9,5.2,1057,59582,585.39
2008,Rhode Island,RI,50447,64.5,7.8,1055,63879,538.04
2009,Rhode Island,RI,50214,62.9,11,1054,61431,494.88
2010,Rhode Island,RI,51468,62.8,11.2,1054,60812,473.27
2011,Rhode Island,RI,51269,63.4,11,1054,65814,452.30
2012,Rhode Island,RI,51642,62.1,10.4,1055,62252,439.86
2013,Rhode Island,RI,52085,61.5,9.3,1055,63782,438.51
2014,Rhode Island,RI,52208,61.8,7.7,1056,64383,449.66
2015,Rhode Island,RI,53003,58.9,6,1056,59038,469.83
2016,Rhode Island,RI,52985,56.3,5.2,1057,66995,491.26
2017,Rhode Island,RI,53404,56.6,4.4,1056,67088,525.53
2018,Rhode Island,RI,53741,60.7,4.1,1057,62266,565.03
1997,South Carolina,SC,134908,74.1,4.6,3790,53619,202.06
1998,South Carolina,SC,140139,76.6,3.8,3840,51366,213.43
1999,South Carolina,SC,146526,77.1,4.3,3886,55125,224.59
2000,South Carolina,SC,150501,76.5,3.8,4024,54936,234.61
2001,South Carolina,SC,151105,76.1,5.2,4065,53652,249.10
2002,South Carolina,SC,154698,77.5,5.8,4108,52925,257.98
2003,South Carolina,SC,160138,75,6.9,4150,52663,266.90
2004,South Carolina,SC,162238,76.2,6.8,4211,51560,279.02
2005,South Carolina,SC,166574,73.9,6.7,4270,51854,300.36
2006,South Carolina,SC,170339,74.2,6.4,4358,48221,322.94
2007,South Carolina,SC,175090,74.1,5.7,4444,48127,337.58
2008,South Carolina,SC,174584,73.9,6.8,4529,49461,339.38
2009,South Carolina,SC,166850,74.4,11.2,4590,44850,331.49
2010,South Carolina,SC,170167,74.8,11.2,4636,49285,316.22
2011,South Carolina,SC,174128,74.2,10.6,4671,53677,303.40
2012,South Carolina,SC,175375,71.5,9.2,4717,48650,300.38
2013,South Carolina,SC,178940,72.4,7.6,4764,47035,301.96
2014,South Carolina,SC,183282,72.9,6.5,4824,47702,309.52
2015,South Carolina,SC,189167,67.1,6,4892,49137,325.65
2016,South Carolina,SC,194466,68.9,5,4958,56858,343.56
2017,South Carolina,SC,199491,72.8,4.3,5021,55866,363.71
2018,South Carolina,SC,202771,72,3.4,5084,57444,389.14
1997,South Dakota,SD,24976,67.6,2.9,731,46470,181.17
1998,South Dakota,SD,26452,67.3,2.8,731,50623,188.76
1999,South Dakota,SD,27501,70.7,2.7,733,54167,195.11
2000,South Dakota,SD,29407,71.2,2.5,756,53335,202.82
2001,South Dakota,SD,29746,71.5,3.1,758,56403,213.57
2002,South Dakota,SD,32958,71.5,3.2,760,53011,222.90
2003,South Dakota,SD,33657,70.9,3.5,764,54090,232.16
2004,South Dakota,SD,35071,68.5,3.7,770,54780,245.35
2005,South Dakota,SD,35907,68.4,3.8,775,55620,262.61
2006,South Dakota,SD,36459,70.6,3.1,783,56715,274.97
2007,South Dakota,SD,38057,70.4,2.8,792,56354,285.61
2008,South Dakota,SD,39643,70.4,3.1,799,60328,292.87
2009,South Dakota,SD,39732,69.6,4.9,807,53764,293.98
2010,South Dakota,SD,40130,70.6,5,816,52344,291.29
2011,South Dakota,SD,42794,69.3,4.7,823,52838,291.86
2012,South Dakota,SD,43445,69.2,4.3,833,54144,296.66
2013,South Dakota,SD,43602,67.8,3.8,842,57670,307.25
2014,South Dakota,SD,44100,69.2,3.4,849,56328,316.47
2015,South Dakota,SD,45266,70.1,3.1,854,58301,330.30
2016,South Dakota,SD,45424,69.4,3,863,58364,345.74
2017,South Dakota,SD,45265,67.8,3.2,873,60116,365.69
2018,South Dakota,SD,45874,69.1,3,882,59463,384.95
1997,Tennesse,TN,210844,70.2,5.3,5378,47944,194.19
1998,Tennesse,TN,223769,71.3,4.3,5433,52638,204.42
1999,Tennesse,TN,230418,71.9,4,5484,55216,211.00
2000,Tennesse,TN,233153,70.9,3.9,5704,50875,216.76
2001,Tennesse,TN,232723,69.7,4.6,5751,49856,227.32
2002,Tennesse,TN,240522,70.3,5.2,5796,51831,233.93
2003,Tennesse,TN,247824,70.8,5.6,5848,51355,241.83
2004,Tennesse,TN,259337,71.6,5.3,5911,50735,251.73
2005,Tennesse,TN,264652,72.4,5.6,5991,47535,268.06
2006,Tennesse,TN,271465,71.3,5.2,6089,50792,287.16
2007,Tennesse,TN,268756,70.2,4.7,6176,44541,300.51
2008,Tennesse,TN,272011,71.7,6.6,6247,50013,301.53
2009,Tennesse,TN,263016,71.1,10.5,6306,50804,295.93
2010,Tennesse,TN,266727,71,9.7,6355,46417,287.26
2011,Tennesse,TN,274804,69.3,9,6397,47306,279.63
2012,Tennesse,TN,283722,67.9,7.8,6451,47110,279.31
2013,Tennesse,TN,286801,66.8,7.8,6493,46817,284.06
2014,Tennesse,TN,291527,66.7,6.6,6541,46415,294.80
2015,Tennesse,TN,300581,66.5,5.6,6591,50165,309.35
2016,Tennesse,TN,306343,66.4,4.7,6645,53727,328.86
2017,Tennesse,TN,313573,67.2,3.8,6709,56654,352.68
2018,Tennesse,TN,322898,68,3.5,6770,56060,380.80
1997,Texas,TX,872763,61.5,5.3,19355,54891,139.49
1998,Texas,TX,928374,62.5,4.9,19712,55251,146.17
1999,Texas,TX,965677,62.9,4.7,20044,58491,154.08
2000,Texas,TX,998297,63.8,4.3,20944,56456,163.50
2001,Texas,TX,1021889,63.9,5,21320,58093,174.38
2002,Texas,TX,1041811,63.4,6.4,21690,56196,180.58
2003,Texas,TX,1048299,64.5,6.7,22031,53747,186.12
2004,Texas,TX,1102696,65.5,5.9,22394,55166,191.17
2005,Texas,TX,1132796,65.9,5.4,22778,53391,199.58
2006,Texas,TX,1210287,66,4.9,23360,54068,210.80
2007,Texas,TX,1274303,66,4.3,23832,55699,221.65
2008,Texas,TX,1275774,65.5,4.8,24309,55911,225.69
2009,Texas,TX,1271436,65.4,7.6,24802,54353,225.98
2010,Texas,TX,1301727,65.3,8.1,25243,54554,223.08
2011,Texas,TX,1343791,64.3,7.8,25646,54879,219.94
2012,Texas,TX,1411379,64.3,6.7,26090,56896,223.19
2013,Texas,TX,1472104,63.3,6.3,26489,55503,233.14
2014,Texas,TX,1512351,62.2,5.1,26977,57201,249.90
2015,Texas,TX,1589956,61.9,4.4,27487,59856,268.43
2016,Texas,TX,1593149,61.5,4.6,27937,60844,288.57
2017,Texas,TX,1624949,61.7,4.3,28323,61557,311.07
2018,Texas,TX,1676679,62.7,3.9,28702,59785,333.16
1997,Utah,UT,57700,72.5,3.2,2065,66941,222.34
1998,Utah,UT,62291,73.7,3.6,2101,68400,233.72
1999,Utah,UT,66023,74.7,3.5,2130,69621,236.54
2000,Utah,UT,70292,72.7,3.3,2245,69529,238.90
2001,Utah,UT,73226,72.4,4.4,2284,67309,249.28
2002,Utah,UT,75999,72.8,5.8,2325,66991,252.56
2003,Utah,UT,79149,73.4,5.6,2360,67439,256.73
2004,Utah,UT,85702,74.9,5,2402,67791,264.74
2005,Utah,UT,94195,73.9,4.1,2458,70651,290.07
2006,Utah,UT,106124,73.5,3,2526,68202,335.77
2007,Utah,UT,114653,74.9,2.6,2598,68623,376.69
2008,Utah,UT,115985,76.2,3.6,2663,64987,371.73
2009,Utah,UT,113333,74.1,7.3,2723,73115,342.08
2010,Utah,UT,117961,72.5,7.8,2775,65443,320.66
2011,Utah,UT,124539,71.4,6.7,2814,62092,303.47
2012,Utah,UT,128721,71.1,5.4,2853,63924,307.81
2013,Utah,UT,134252,70.9,4.6,2898,65913,329.31
2014,Utah,UT,141343,70.9,3.8,2937,67296,348.65
2015,Utah,UT,149524,69.9,3.6,2982,70227,367.88
2016,Utah,UT,157902,71.3,3.4,3043,70613,394.93
2017,Utah,UT,165703,71,3.3,3103,71490,432.10
2018,Utah,UT,177336,72.2,3.1,3161,77067,476.94
1997,Virginia,VA,217252,68.4,3.8,6733,54857,205.92
1998,Virginia,VA,233096,69.4,2.9,6789,60792,212.50
1999,Virginia,VA,249798,71.2,2.7,6873,62869,221.64
2000,Virginia,VA,266886,73.9,2.3,7106,57896,236.80
2001,Virginia,VA,284002,75.1,3.2,7198,57999,257.21
2002,Virginia,VA,293276,74.4,4.2,7287,60186,279.61
2003,Virginia,VA,309981,75,4.1,7367,59208,302.51
2004,Virginia,VA,332251,73.4,3.8,7476,63071,347.71
2005,Virginia,VA,360300,71.2,3.6,7577,65355,414.76
2006,Virginia,VA,379129,71.1,3.1,7674,64897,458.22
2007,Virginia,VA,392917,71.5,3,7751,57534,466.09
2008,Virginia,VA,399032,70.6,3.9,7833,59283,443.34
2009,Virginia,VA,408919,69.7,6.7,7926,61381,419.28
2010,Virginia,VA,422902,68.7,7.1,8024,64551,403.41
2011,Virginia,VA,432393,67.9,6.6,8100,58029,392.53
2012,Virginia,VA,444950,67.8,6.1,8185,60901,391.60
2013,Virginia,VA,455070,68.1,5.7,8253,70735,397.64
2014,Virginia,VA,463782,68.7,5.2,8312,64455,408.03
2015,Virginia,VA,484628,67.1,4.5,8363,63058,419.79
2016,Virginia,VA,493866,66.3,4.1,8411,63660,431.18
2017,Virginia,VA,510425,67.5,3.7,8465,65234,446.33
2018,Virginia,VA,534449,66,3,8518,70066,465.45
1997,Vermont,VT,15415,69.1,3.9,589,67226,224.58
1998,Vermont,VT,16073,69.1,3.4,591,66941,229.94
1999,Vermont,VT,17159,69.1,3,594,69081,239.53
2000,Vermont,VT,18312,68.7,2.8,610,68964,257.29
2001,Vermont,VT,19274,69.8,3.3,612,71431,276.91
2002,Vermont,VT,20163,70.3,4,615,69468,297.89
2003,Vermont,VT,21130,71.4,4.3,618,74977,319.56
2004,Vermont,VT,22666,72,3.7,620,68151,362.48
2005,Vermont,VT,23509,74.2,3.5,621,66915,412.98
2006,Vermont,VT,24310,74,3.7,623,71312,446.38
2007,Vermont,VT,24697,73.7,4,623,71824,457.66
2008,Vermont,VT,25678,72.8,4.7,624,72469,456.76
2009,Vermont,VT,25868,74.3,6.6,625,70981,446.52
2010,Vermont,VT,27108,73.6,6.1,626,69675,440.50
2011,Vermont,VT,28135,74.6,5.5,627,70062,436.66
2012,Vermont,VT,28887,73.4,5,626,70818,437.70
2013,Vermont,VT,29099,73,4.4,626,71160,437.72
2014,Vermont,VT,29714,73.5,3.9,625,70239,438.06
2015,Vermont,VT,30709,71.8,3.6,625,65169,446.18
2016,Vermont,VT,31635,71.3,3.2,624,69535,453.49
2017,Vermont,VT,32623,71.1,3,625,72537,465.03
2018,Vermont,VT,33725,71.4,2.7,626,77151,480.87
1997,Washington,WA,193898,62.9,4.9,5604,69738,231.56
1998,Washington,WA,210205,64.9,4.8,5688,73220,247.15
1999,Washington,WA,230555,64.8,4.9,5756,68749,260.29
2000,Washington,WA,237832,63.6,5.2,5911,62182,273.85
2001,Washington,WA,239426,66.4,6.3,5986,60411,290.65
2002,Washington,WA,248189,66.9,7.4,6052,63243,303.34
2003,Washington,WA,258263,65.9,7.4,6104,65020,316.51
2004,Washington,WA,270115,66,6.3,6179,66527,346.60
2005,Washington,WA,296101,67.6,5.6,6257,65280,401.86
2006,Washington,WA,317167,66.7,5,6371,68321,464.54
2007,Washington,WA,346443,66.8,4.7,6462,70512,496.84
2008,Washington,WA,355678,66.2,5.4,6562,70853,483.52
2009,Washington,WA,353632,65.5,9.2,6667,66210,442.35
2010,Washington,WA,365552,64.4,10,6743,64822,412.66
2011,Washington,WA,379539,64.2,9.3,6822,63610,385.51
2012,Washington,WA,400863,63.5,8.1,6893,68139,380.10
2013,Washington,WA,419345,62.7,7,6963,69017,399.81
2014,Washington,WA,442442,63.6,6.1,7052,62714,427.25
2015,Washington,WA,470582,62.6,5.6,7164,71271,461.82
2016,Washington,WA,492943,61.6,5.3,7295,73573,510.33
2017,Washington,WA,522426,63.6,4.7,7425,73284,567.71
2018,Washington,WA,563151,64.9,4.5,7536,79726,628.54
1997,Wisconsin,WI,153241,68.3,3.6,5200,43018,199.47
1998,Wisconsin,WI,162523,70.1,3.4,5222,41232,207.21
1999,Wisconsin,WI,172258,70.9,3.1,5250,44293,217.62
2000,Wisconsin,WI,180539,71.8,3.5,5374,43006,230.92
2001,Wisconsin,WI,187939,72.3,4.5,5407,42188,243.06
2002,Wisconsin,WI,194813,72.2,5.4,5445,41094,255.32
2003,Wisconsin,WI,203135,72.8,5.7,5479,44840,267.51
2004,Wisconsin,WI,215139,73.3,5,5514,44473,289.15
2005,Wisconsin,WI,225698,71.1,4.7,5546,46976,311.70
2006,Wisconsin,WI,235709,70.2,4.7,5578,47965,322.19
2007,Wisconsin,WI,243767,70.5,4.9,5611,51101,326.29
2008,Wisconsin,WI,244760,70.4,4.9,5641,44420,321.08
2009,Wisconsin,WI,245539,70.4,8.6,5669,47504,311.64
2010,Wisconsin,WI,254354,71,8.7,5690,49372,302.15
2011,Wisconsin,WI,263882,68.5,7.8,5705,46794,293.17
2012,Wisconsin,WI,274344,67.5,7,5720,47721,290.95
2013,Wisconsin,WI,282385,68.5,6.7,5737,46412,290.69
2014,Wisconsin,WI,293519,67.8,5.4,5752,45389,294.63
2015,Wisconsin,WI,304852,66.6,4.6,5761,46502,304.42
2016,Wisconsin,WI,312141,67.7,4,5773,41993,316.92
2017,Wisconsin,WI,321584,68,3.3,5792,48102,333.90
2018,Wisconsin,WI,336972,67.9,3,5814,50573,355.62
1997,West Virginia,WV,38840,74.6,6.9,1816,61965,141.19
1998,West Virginia,WV,40086,74.8,6.6,1812,63811,147.90
1999,West Virginia,WV,41831,74.8,6.5,1807,69042,150.63
2000,West Virginia,WV,42607,75.9,5.5,1807,65929,153.13
2001,West Virginia,WV,43978,76.4,5,1801,64471,161.50
2002,West Virginia,WV,45434,77.2,5.9,1805,64250,167.20
2003,West Virginia,WV,46668,78.1,6,1812,63324,173.64
2004,West Virginia,WV,49272,80.3,5.3,1816,60943,184.46
2005,West Virginia,WV,53259,81.3,5.1,1820,57552,202.32
2006,West Virginia,WV,56530,78.4,4.9,1828,64536,214.36
2007,West Virginia,WV,58636,77.6,4.6,1834,62253,219.07
2008,West Virginia,WV,62067,77.8,4.3,1840,59860,218.61
2009,West Virginia,WV,62958,78.7,7.7,1848,60112,214.38
2010,West Virginia,WV,65274,79,8.7,1854,58114,211.76
2011,West Virginia,WV,68525,78.7,8.1,1856,58248,208.56
2012,West Virginia,WV,69399,75.8,7.5,1857,58159,209.44
2013,West Virginia,WV,71038,76.8,6.8,1854,55849,212.43
2014,West Virginia,WV,72027,75.6,6.6,1849,61665,216.93
2015,West Virginia,WV,70341,74.9,6.7,1842,58745,222.80
2016,West Virginia,WV,69814,74.8,6.1,1831,62593,227.32
2017,West Virginia,WV,73099,75.1,5.2,1817,65029,230.39
2018,West Virginia,WV,77477,74.7,5.3,1806,62629,237.97
1997,Wyoming,WY,14724,67.6,4.8,480,52306,138.11
1998,Wyoming,WY,14928,70,4.7,480,54428,142.94
1999,Wyoming,WY,15711,69.8,4.6,480,56314,146.91
2000,Wyoming,WY,17205,71,3.9,494,57947,153.17
2001,Wyoming,WY,18661,73.5,3.8,495,56471,162.00
2002,Wyoming,WY,19116,73,4,500,55656,172.46
2003,Wyoming,WY,21028,72.9,4.3,503,58241,183.03
2004,Wyoming,WY,23187,72.8,3.8,509,60497,200.10
2005,Wyoming,WY,27178,72.8,3.6,514,57639,222.89
2006,Wyoming,WY,32405,73.7,3.2,523,58730,250.90
2007,Wyoming,WY,36603,73.2,2.8,535,60513,275.03
2008,Wyoming,WY,42540,73.3,3.1,546,61559,280.74
2009,Wyoming,WY,36042,73.8,6.3,560,59178,275.56
2010,Wyoming,WY,37401,73.4,6.4,564,60249,267.44
2011,Wyoming,WY,39371,71.1,5.8,567,60987,263.95
2012,Wyoming,WY,38432,70.3,5.3,576,64575,267.38
2013,Wyoming,WY,38923,70.5,4.7,582,63016,273.78
2014,Wyoming,WY,39372,70.8,4.1,583,72817,282.23
2015,Wyoming,WY,37740,69.9,4.3,586,60991,292.50
2016,Wyoming,WY,35905,70.2,5.3,584,62539,299.48
2017,Wyoming,WY,37625,70.4,4.2,579,59128,304.13
2018,Wyoming,WY,39371,71.1,4.1,578,62359,317.60