year,state,state_abbrev,GDP,homeownership(%),unemployment_rate,population(thousands),
1997,Alabama,AL,143646,71.3,5.0,4320,
1998,Alabama,AL,148596,72.9,4.4,4351,
1999,Alabama,AL,154094,74.8,4.7,4370,
2000,Alabama,AL,156560,73.2,4.6,4452,
2001,Alabama,AL,156404,73.2,5.1,4468,
2002,Alabama,AL,160870,73.7,5.9,4480,
2003,Alabama,AL,164992,76.2,6.0,4503,
2004,Alabama,AL,175508,78.0,5.7,4531,
2005,Alabama,AL,181386,76.6,4.5,4570,
2006,Alabama,AL,184796,74.2,4.0,4629,
2007,Alabama,AL,185869,73.3,4.0,4673,
2008,Alabama,AL,185298,73.0,5.7,4718,
2009,Alabama,AL,178021,74.1,11.0,4758,
2010,Alabama,AL,182263,73.2,10.5,4785,
2011,Alabama,AL,185055,72.9,9.6,4799,
2012,Alabama,AL,186299,71.9,8.0,4816,
2013,Alabama,AL,188165,72.7,7.2,4830,
2014,Alabama,AL,186335,72.1,6.8,4842,
2015,Alabama,AL,188716,70.0,6.1,4853,
2016,Alabama,AL,189614,69.7,5.8,4865,
2017,Alabama,AL,193053,70.0,4.4,4875,
2018,Alabama,AL,196876,70.3,3.9,4888,
1997,Alaska,AK,42262,67.2,7.1,609,
1998,Alaska,AK,41157,66.3,6.3,615,
1999,Alaska,AK,40722,66.4,6.5,620,
2000,Alaska,AK,39517,66.4,6.4,628,
2001,Alaska,AK,40974,65.3,6.4,634,
2002,Alaska,AK,42881,67.1,7.3,642,
2003,Alaska,AK,42151,70.0,7.8,648,
2004,Alaska,AK,43735,67.2,7.5,659,
2005,Alaska,AK,45052,66.0,6.9,667,
2006,Alaska,AK,48517,67.2,6.6,675,
2007,Alaska,AK,51114,66.6,6.3,680,
2008,Alaska,AK,50884,66.4,6.7,687,
2009,Alaska,AK,55838,66.8,7.7,699,
2010,Alaska,AK,54151,65.7,7.9,714,
2011,Alaska,AK,54646,64.4,7.6,722,
2012,Alaska,AK,57670,63.7,7.1,730,
2013,Alaska,AK,54750,64.6,7.0,737,
2014,Alaska,AK,53209,64.9,6.9,736,
2015,Alaska,AK,53585,62.3,6.5,738,
2016,Alaska,AK,52608,65.2,6.9,742,
2017,Alaska,AK,52492,65.5,7.0,740,
2018,Alaska,AK,52311,63.7,6.6,737,
1997,Arkansas,AR,82756,66.7,5.2,2524,
1998,Arkansas,AR,84795,66.7,5.2,2538,
1999,Arkansas,AR,89317,65.6,4.6,2551,
2000,Arkansas,AR,90206,68.9,4.3,2679,
2001,Arkansas,AR,89923,71.2,5.0,2692,
2002,Arkansas,AR,92885,70.3,5.5,2706,
2003,Arkansas,AR,96545,69.6,5.9,2725,
2004,Arkansas,AR,101210,69.1,5.7,2750,
2005,Arkansas,AR,104653,69.2,5.2,2781,
2006,Arkansas,AR,106940,70.8,5.2,2822,
2007,Arkansas,AR,106155,69.5,5.3,2849,
2008,Arkansas,AR,105791,68.9,5.5,2875,
2009,Arkansas,AR,102528,68.5,7.8,2897,
2010,Arkansas,AR,105923,67.9,8.2,2922,
2011,Arkansas,AR,108295,67.6,8.3,2940,
2012,Arkansas,AR,108745,66.0,7.6,2952,
2013,Arkansas,AR,111779,65.4,7.2,2960,
2014,Arkansas,AR,112706,65.4,6.0,2968,
2015,Arkansas,AR,113177,67.1,5.0,2978,
2016,Arkansas,AR,113788,67.6,4.0,2990,
2017,Arkansas,AR,114851,65.0,3.7,3003,
2018,Arkansas,AR,115933,64.7,3.7,3014,
1997,Arizona,AZ,168551,63.0,4.6,4552,
1998,Arizona,AZ,183138,64.3,4.3,4667,
1999,Arizona,AZ,198096,66.3,4.4,4778,
2000,Arizona,AZ,207793,68.0,4.0,5161,
2001,Arizona,AZ,212656,68.1,4.8,5273,
2002,Arizona,AZ,219311,65.6,6.1,5396,
2003,Arizona,AZ,233342,67.0,5.7,5510,
2004,Arizona,AZ,243246,68.7,5.0,5652,
2005,Arizona,AZ,263061,71.1,4.7,5839,
2006,Arizona,AZ,277288,71.6,4.2,6029,
2007,Arizona,AZ,284907,70.4,3.9,6168,
2008,Arizona,AZ,277477,69.1,6.2,6280,
2009,Arizona,AZ,255081,68.9,9.9,6343,
2010,Arizona,AZ,257485,66.6,10.4,6408,
2011,Arizona,AZ,263211,66.0,9.5,6473,
2012,Arizona,AZ,268289,65.3,8.3,6557,
2013,Arizona,AZ,270149,65.1,7.7,6635,
2014,Arizona,AZ,273407,63.5,6.8,6734,
2015,Arizona,AZ,279435,61.7,6.1,6834,
2016,Arizona,AZ,288682,61.9,5.4,6945,
2017,Arizona,AZ,297210,64.4,4.9,7049,
2018,Arizona,AZ,309067,65.7,4.8,7172,
1997,California,CA,1378654,55.7,6.4,32218,
1998,California,CA,1470393,56.0,5.9,32683,
1999,California,CA,1582377,55.7,5.2,33145,
2000,California,CA,1709939,57.1,4.9,33988,
2001,California,CA,1702776,58.2,5.4,34479,
2002,California,CA,1743651,57.7,6.7,34872,
2003,California,CA,1825424,58.9,6.8,35253,
2004,California,CA,1902319,59.7,6.2,35575,
2005,California,CA,1990141,59.7,5.4,35828,
2006,California,CA,2072177,60.2,4.9,36021,
2007,California,CA,2103618,58.3,5.4,36250,
2008,California,CA,2111138,57.5,7.3,36604,
2009,California,CA,2026487,57.0,11.2,36961,
2010,California,CA,2058138,56.1,12.2,37321,
2011,California,CA,2091586,55.3,11.7,37642,
2012,California,CA,2144497,54.5,10.4,37961,
2013,California,CA,2220868,54.3,8.9,38281,
2014,California,CA,2309928,54.2,7.5,38625,
2015,California,CA,2426143,54.3,6.2,38953,
2016,California,CA,2498840,53.8,5.5,39209,
2017,California,CA,2587572,54.4,4.8,39399,
2018,California,CA,2677939,55.1,4.2,39557,
1997,Colorado,CO,184193,64.1,3.5,3891,
1998,Colorado,CO,201076,65.2,3.6,3969,
1999,Colorado,CO,216300,68.1,3.1,4056,
2000,Colorado,CO,232752,68.3,2.8,4327,
2001,Colorado,CO,236383,68.5,3.8,4426,
2002,Colorado,CO,236786,68.9,5.5,4490,
2003,Colorado,CO,238540,71.3,6.0,4529,
2004,Colorado,CO,240798,71.1,5.5,4575,
2005,Colorado,CO,250840,71.0,5.0,4632,
2006,Colorado,CO,256124,70.1,4.3,4720,
2007,Colorado,CO,264577,70.2,3.7,4804,
2008,Colorado,CO,267713,69.0,4.8,4890,
2009,Colorado,CO,262380,68.4,7.3,4972,
2010,Colorado,CO,264791,68.5,8.7,5048,
2011,Colorado,CO,268681,65.9,8.4,5122,
2012,Colorado,CO,273520,65.3,7.9,5194,
2013,Colorado,CO,282534,64.4,6.9,5270,
2014,Colorado,CO,295010,65.0,5.0,5351,
2015,Colorado,CO,307912,63.6,3.9,5452,
2016,Colorado,CO,315425,62.4,3.2,5541,
2017,Colorado,CO,325129,63.7,2.7,5616,
2018,Colorado,CO,336365,64.4,3.3,5696,
1997,Connecticut,CT,190791,68.1,5.0,3269,
1998,Connecticut,CT,196248,69.3,3.4,3273,
1999,Connecticut,CT,202230,69.1,2.9,3282,
2000,Connecticut,CT,216370,70.0,2.4,3412,
2001,Connecticut,CT,220287,71.8,3.1,3433,
2002,Connecticut,CT,219959,71.5,4.3,3459,
2003,Connecticut,CT,222240,73.0,5.4,3484,
2004,Connecticut,CT,237133,71.7,5.0,3496,
2005,Connecticut,CT,242485,70.5,4.9,3507,
2006,Connecticut,CT,251581,71.1,4.3,3517,
2007,Connecticut,CT,261129,70.3,4.5,3527,
2008,Connecticut,CT,259722,70.7,5.7,3546,
2009,Connecticut,CT,248041,70.5,7.9,3562,
2010,Connecticut,CT,247461,70.8,9.1,3579,
2011,Connecticut,CT,242020,70.6,8.8,3588,
2012,Connecticut,CT,243801,68.8,8.3,3594,
2013,Connecticut,CT,241081,68.5,7.8,3595,
2014,Connecticut,CT,237558,67.4,6.6,3595,
2015,Connecticut,CT,241916,66.5,5.7,3588,
2016,Connecticut,CT,241447,64.2,5.1,3579,
2017,Connecticut,CT,239884,66.1,4.7,3574,
2018,Connecticut,CT,242171,65.3,4.1,3573,
1997,Delaware,DE,45231,69.2,4.0,735,
1998,Delaware,DE,49743,71.0,3.7,744,
1999,Delaware,DE,53862,71.6,3.4,754,
2000,Delaware,DE,56109,72.0,3.7,786,
2001,Delaware,DE,58882,75.4,3.5,796,
2002,Delaware,DE,56814,75.6,4.0,806,
2003,Delaware,DE,57957,77.2,4.3,818,
2004,Delaware,DE,60682,77.3,4.0,831,
2005,Delaware,DE,59974,75.8,4.1,845,
2006,Delaware,DE,61497,76.8,3.6,859,
2007,Delaware,DE,61235,76.8,3.4,872,
2008,Delaware,DE,58656,76.2,4.9,884,
2009,Delaware,DE,60404,76.5,8.3,892,
2010,Delaware,DE,60016,74.7,8.4,900,
2011,Delaware,DE,62017,74.2,7.5,907,
2012,Delaware,DE,61976,73.4,7.2,915,
2013,Delaware,DE,59157,74.1,6.7,924,
2014,Delaware,DE,63693,74.3,5.7,933,
2015,Delaware,DE,65635,73.3,4.9,941,
2016,Delaware,DE,63718,73.0,4.5,949,
2017,Delaware,DE,63651,70.0,4.5,957,
2018,Delaware,DE,63855,70.8,3.8,967,
1997,Florida,FL,560888,66.9,4.8,14683,
1998,Florida,FL,590135,66.9,4.3,14908,
1999,Florida,FL,616625,67.6,3.9,15111,
2000,Florida,FL,642693,68.4,3.7,16048,
2001,Florida,FL,658640,69.2,4.7,16357,
2002,Florida,FL,685304,68.7,5.6,16689,
2003,Florida,FL,715436,69.5,5.2,17004,
2004,Florida,FL,757054,72.2,4.6,17415,
2005,Florida,FL,806339,72.4,3.7,17842,
2006,Florida,FL,834346,72.4,3.2,18167,
2007,Florida,FL,835867,71.8,4.0,18368,
2008,Florida,FL,803218,71.1,6.3,18527,
2009,Florida,FL,758264,70.9,10.4,18653,
2010,Florida,FL,766199,69.3,11.1,18846,
2011,Florida,FL,763746,69.0,10.0,19093,
2012,Florida,FL,769309,67.0,8.5,19326,
2013,Florida,FL,784090,66.1,7.2,19563,
2014,Florida,FL,804322,64.9,6.3,19860,
2015,Florida,FL,835928,64.8,5.5,20224,
2016,Florida,FL,864029,64.3,4.8,20630,
2017,Florida,FL,885906,64.1,4.2,20977,
2018,Florida,FL,916975,65.5,3.6,21299,
1997,Georgia,GA,328995,70.9,4.6,7486,
1998,Georgia,GA,352713,71.2,4.3,7637,
1999,Georgia,GA,377608,71.3,3.9,7788,
2000,Georgia,GA,393195,69.8,3.6,8227,
2001,Georgia,GA,396875,70.1,4.0,8377,
2002,Georgia,GA,400092,71.8,5.0,8508,
2003,Georgia,GA,410588,71.4,4.8,8623,
2004,Georgia,GA,429314,70.9,4.8,8769,
2005,Georgia,GA,445533,67.9,5.3,8926,
2006,Georgia,GA,450584,68.5,4.7,9156,
2007,Georgia,GA,453061,67.6,4.5,9350,
2008,Georgia,GA,443416,68.2,6.2,9505,
2009,Georgia,GA,426264,67.4,9.9,9621,
2010,Georgia,GA,433027,67.1,10.5,9712,
2011,Georgia,GA,439891,66.2,10.2,9802,
2012,Georgia,GA,444132,64.3,9.2,9901,
2013,Georgia,GA,450772,64.2,8.2,9973,
2014,Georgia,GA,464061,62.9,7.1,10069,
2015,Georgia,GA,479242,62.9,6.0,10181,
2016,Georgia,GA,495226,62.3,5.4,10305,
2017,Georgia,GA,509422,62.8,4.7,10413,
2018,Georgia,GA,522424,63.8,3.9,10519,
1997,Hawaii,HI,55679,50.2,6.2,1189,
1998,Hawaii,HI,54360,52.8,6.1,1190,
1999,Hawaii,HI,55182,56.6,5.4,1185,
2000,Hawaii,HI,56417,55.2,4.2,1214,
2001,Hawaii,HI,56019,55.5,4.5,1226,
2002,Hawaii,HI,57912,57.9,4.2,1240,
2003,Hawaii,HI,60838,58.3,4.1,1251,
2004,Hawaii,HI,64928,60.6,3.4,1274,
2005,Hawaii,HI,68566,59.8,2.9,1293,
2006,Hawaii,HI,70403,59.9,2.6,1310,
2007,Hawaii,HI,71192,60.1,2.8,1316,
2008,Hawaii,HI,71689,59.1,4.3,1332,
2009,Hawaii,HI,69095,59.5,7.2,1347,
2010,Hawaii,HI,71007,56.1,6.9,1364,
2011,Hawaii,HI,72080,55.4,6.8,1379,
2012,Hawaii,HI,73583,57.2,6.0,1395,
2013,Hawaii,HI,74278,57.3,4.9,1408,
2014,Hawaii,HI,74504,58.4,4.4,1415,
2015,Hawaii,HI,77023,59.3,3.6,1422,
2016,Hawaii,HI,78757,57.7,3.0,1428,
2017,Hawaii,HI,79998,55.9,2.4,1424,
2018,Hawaii,HI,80798,59.5,2.4,1420,
1997,Iowa,IA,113365,72.7,3.1,2854,
1998,Iowa,IA,114230,72.1,2.7,2861,
1999,Iowa,IA,116663,73.9,2.6,2869,
2000,Iowa,IA,122159,75.2,2.6,2929,
2001,Iowa,IA,120669,76.6,3.3,2932,
2002,Iowa,IA,124097,73.9,4.0,2934,
2003,Iowa,IA,129316,73.4,4.5,2942,
2004,Iowa,IA,139749,73.2,4.5,2954,
2005,Iowa,IA,143876,73.9,4.3,2964,
2006,Iowa,IA,145887,74.0,3.7,2983,
2007,Iowa,IA,152251,73.7,3.7,2999,
2008,Iowa,IA,149132,74.0,4.2,3017,
2009,Iowa,IA,145618,72.4,6.4,3033,
2010,Iowa,IA,149536,71.1,6.0,3051,
2011,Iowa,IA,151248,71.2,5.5,3066,
2012,Iowa,IA,157251,70.2,5.0,3076,
2013,Iowa,IA,156637,69.8,4.7,3093,
2014,Iowa,IA,164721,69.4,4.2,3110,
2015,Iowa,IA,168252,68.8,3.8,3121,
2016,Iowa,IA,168909,70.0,3.6,3132,
2017,Iowa,IA,168332,70.0,3.1,3144,
2018,Iowa,IA,170749,68.9,2.5,3156,
1997,Idaho,ID,37015,72.3,5.1,1211,
1998,Idaho,ID,38791,72.6,5.1,1231,
1999,Idaho,ID,42496,70.3,4.9,1252,
2000,Idaho,ID,47325,70.5,4.7,1299,
2001,Idaho,ID,46062,71.7,5.1,1320,
2002,Idaho,ID,47208,73.0,5.6,1340,
2003,Idaho,ID,48536,74.4,5.6,1363,
2004,Idaho,ID,51241,73.7,4.9,1392,
2005,Idaho,ID,55387,74.2,4.0,1428,
2006,Idaho,ID,57590,75.1,3.5,1469,
2007,Idaho,ID,58703,74.5,3.1,1505,
2008,Idaho,ID,59704,75.0,5.1,1534,
2009,Idaho,ID,57088,75.5,8.8,1554,
2010,Idaho,ID,57907,72.4,9.0,1571,
2011,Idaho,ID,57797,72.4,8.3,1584,
2012,Idaho,ID,57764,73.0,7.2,1595,
2013,Idaho,ID,59831,71.5,6.1,1612,
2014,Idaho,ID,61367,69.6,4.8,1631,
2015,Idaho,ID,63208,70.0,4.2,1652,
2016,Idaho,ID,65565,70.5,3.8,1683,
2017,Idaho,ID,67161,69.9,3.2,1719,
2018,Idaho,ID,69892,69.2,2.8,1754,
1997,Illinois,IL,577804,68.1,4.8,12012,
1998,Illinois,IL,595833,68.0,4.4,12070,
1999,Illinois,IL,617315,67.1,4.4,12128,
2000,Illinois,IL,641749,67.9,4.3,12434,
2001,Illinois,IL,644181,69.4,5.3,12488,
2002,Illinois,IL,647868,70.1,6.5,12526,
2003,Illinois,IL,655835,70.7,6.8,12556,
2004,Illinois,IL,673262,72.7,6.2,12590,
2005,Illinois,IL,685897,70.9,5.7,12610,
2006,Illinois,IL,704495,70.4,4.5,12644,
2007,Illinois,IL,712710,69.4,5.0,12696,
2008,Illinois,IL,699430,68.9,6.3,12747,
2009,Illinois,IL,682966,69.1,10.2,12797,
2010,Illinois,IL,694961,68.8,10.4,12841,
2011,Illinois,IL,707060,68.4,9.7,12867,
2012,Illinois,IL,720702,66.8,9.0,12884,
2013,Illinois,IL,724616,67.2,9.0,12898,
2014,Illinois,IL,734218,66.4,7.1,12889,
2015,Illinois,IL,741725,65.4,6.0,12864,
2016,Illinois,IL,743817,65.3,5.8,12827,
2017,Illinois,IL,748162,65.4,4.9,12786,
2018,Illinois,IL,764212,66.0,4.3,12741,
1997,Indiana,IN,232247,74.1,3.5,5872,
1998,Indiana,IN,246380,72.6,3.1,5908,
1999,Indiana,IN,254489,72.9,3.0,5943,
2000,Indiana,IN,263693,74.9,3.1,6092,
2001,Indiana,IN,258661,75.3,4.2,6128,
2002,Indiana,IN,265106,75.1,5.2,6156,
2003,Indiana,IN,275194,74.4,5.3,6197,
2004,Indiana,IN,284656,75.8,5.4,6233,
2005,Indiana,IN,285492,75.0,5.5,6279,
2006,Indiana,IN,291269,74.2,5.0,6333,
2007,Indiana,IN,299423,73.8,4.6,6380,
2008,Indiana,IN,298264,74.4,5.9,6425,
2009,Indiana,IN,277474,72.0,10.3,6459,
2010,Indiana,IN,295133,71.2,10.4,6490,
2011,Indiana,IN,296472,72.1,9.1,6516,
2012,Indiana,IN,297553,72.1,8.3,6538,
2013,Indiana,IN,303920,71.7,7.7,6568,
2014,Indiana,IN,313057,70.1,6.0,6594,
2015,Indiana,IN,309877,69.4,4.8,6608,
2016,Indiana,IN,315130,70.9,4.4,6633,
2017,Indiana,IN,320084,70.0,3.6,6660,
2018,Indiana,IN,326148,69.8,3.4,6692,
1997,Kansas,KS,104770,66.5,3.8,2616,
1998,Kansas,KS,108508,66.7,3.5,2639,
1999,Kansas,KS,111201,67.5,3.3,2654,
2000,Kansas,KS,113972,69.3,3.6,2694,
2001,Kansas,KS,113853,70.4,4.2,2702,
2002,Kansas,KS,115552,70.3,5.1,2714,
2003,Kansas,KS,117478,70.3,5.5,2723,
2004,Kansas,KS,117883,69.9,5.5,2734,
2005,Kansas,KS,122258,69.5,5.0,2745,
2006,Kansas,KS,128899,70.0,4.4,2763,
2007,Kansas,KS,135667,69.4,4.2,2784,
2008,Kansas,KS,138658,68.8,4.6,2808,
2009,Kansas,KS,133277,67.4,6.9,2833,
2010,Kansas,KS,134945,67.4,7.1,2858,
2011,Kansas,KS,138563,65.4,6.5,2869,
2012,Kansas,KS,140478,63.2,5.7,2885,
2013,Kansas,KS,140506,63.5,5.3,2894,
2014,Kansas,KS,143154,64.7,4.5,2901,
2015,Kansas,KS,144932,64.9,4.2,2910,
2016,Kansas,KS,148249,67.1,4.0,2911,
2017,Kansas,KS,149421,66.0,3.7,2911,
2018,Kansas,KS,152262,67.3,3.4,2912,
1997,Kentucky,KY,146959,75.00,5.3,3908,
1998,Kentucky,KY,151551,75.10,4.6,3934,
1999,Kentucky,KY,156261,73.90,4.5,3961,
2000,Kentucky,KY,152118,73.40,4.2,4049,
2001,Kentucky,KY,151921,73.90,5.2,4068,
2002,Kentucky,KY,155676,73.70,5.7,4090,
2003,Kentucky,KY,159180,74.40,6.1,4117,
2004,Kentucky,KY,163436,73.30,5.4,4146,
2005,Kentucky,KY,168805,71.60,5.9,4183,
2006,Kentucky,KY,173337,71.70,5.7,4219,
2007,Kentucky,KY,171869,72.90,5.4,4257,
2008,Kentucky,KY,172151,72.80,6.4,4290,
2009,Kentucky,KY,165015,71.20,10.3,4317,
2010,Kentucky,KY,172045,70.30,10.2,4348,
2011,Kentucky,KY,174136,69.10,9.4,4369,
2012,Kentucky,KY,176302,68.70,8.2,4386,
2013,Kentucky,KY,179390,67.50,8.0,4405,
2014,Kentucky,KY,179753,67.60,6.5,4414,
2015,Kentucky,KY,180679,67.90,5.3,4426,
2016,Kentucky,KY,181614,67.90,5.1,4438,
2017,Kentucky,KY,183566,70.10,4.9,4454,
2018,Kentucky,KY,186148,69.80,4.3,4468,
1997,Louisiana,LA,201830,66.4,6.0,4351,
1998,Louisiana,LA,208683,66.6,5.7,4363,
1999,Louisiana,LA,212955,66.8,5.1,4372,
2000,Louisiana,LA,206685,68.1,5.3,4472,
2001,Louisiana,LA,209046,67.1,5.7,4478,
2002,Louisiana,LA,213146,67.4,6.1,4497,
2003,Louisiana,LA,221240,67.5,6.4,4521,
2004,Louisiana,LA,231602,70.6,5.9,4552,
2005,Louisiana,LA,245523,72.5,7.2,4577,
2006,Louisiana,LA,243332,71.3,4.5,4303,
2007,Louisiana,LA,234620,71.5,4.3,4376,
2008,Louisiana,LA,235276,73.5,4.9,4436,
2009,Louisiana,LA,238666,71.9,6.8,4492,
2010,Louisiana,LA,247351,70.4,8.0,4545,
2011,Louisiana,LA,234063,70.1,7.8,4575,
2012,Louisiana,LA,233623,68.7,7.1,4601,
2013,Louisiana,LA,226616,67.8,6.7,4625,
2014,Louisiana,LA,231841,65.3,6.4,4644,
2015,Louisiana,LA,231326,63.3,6.3,4665,
2016,Louisiana,LA,228526,64.2,6.1,4678,
2017,Louisiana,LA,228678,66.1,5.1,4671,
2018,Louisiana,LA,231161,65.7,4.9,4660,
1997,Massachussets,MA,302806,62.3,3.9,6115,
1998,Massachussets,MA,314880,61.3,3.3,6144,
1999,Massachussets,MA,331705,60.3,3.2,6175,
2000,Massachussets,MA,359521,59.9,2.7,6361,
2001,Massachussets,MA,362434,60.6,3.7,6398,
2002,Massachussets,MA,364797,62.6,5.3,6417,
2003,Massachussets,MA,373814,64.3,5.7,6423,
2004,Massachussets,MA,383487,63.8,5.1,6412,
2005,Massachussets,MA,390792,63.4,4.8,6403,
2006,Massachussets,MA,397743,65.2,4.9,6410,
2007,Massachussets,MA,407974,64.3,4.6,6432,
2008,Massachussets,MA,412601,65.7,5.5,6469,
2009,Massachussets,MA,408062,65.1,8.1,6518,
2010,Massachussets,MA,424581,65.3,8.3,6566,
2011,Massachussets,MA,434724,65.3,7.3,6613,
2012,Massachussets,MA,444330,65.8,6.7,6663,
2013,Massachussets,MA,444866,65.3,6.7,6714,
2014,Massachussets,MA,453479,63.0,5.7,6764,
2015,Massachussets,MA,469770,60.5,4.8,6796,
2016,Massachussets,MA,477857,59.7,3.9,6826,
2017,Massachussets,MA,488339,60.0,3.8,6863,
2018,Massachussets,MA,501337,61.5,3.3,6902,
1997,Maryland,MD,221184,70.5,5.0,5093,
1998,Maryland,MD,231831,68.7,4.4,5130,
1999,Maryland,MD,240910,69.6,3.6,5172,
2000,Maryland,MD,250982,69.9,3.6,5311,
2001,Maryland,MD,260776,70.7,4.0,5375,
2002,Maryland,MD,270885,72.0,4.4,5440,
2003,Maryland,MD,277950,71.6,4.4,5496,
2004,Maryland,MD,292115,72.1,4.3,5547,
2005,Maryland,MD,305993,71.2,4.1,5592,
2006,Maryland,MD,311680,72.6,3.9,5627,
2007,Maryland,MD,312093,71.7,3.5,5653,
2008,Maryland,MD,315859,70.6,4.2,5685,
2009,Maryland,MD,314863,69.6,7.0,5730,
2010,Maryland,MD,327235,68.9,7.7,5789,
2011,Maryland,MD,334307,69.7,7.2,5839,
2012,Maryland,MD,334822,68.5,7.0,5887,
2013,Maryland,MD,334939,66.9,6.6,5924,
2014,Maryland,MD,338707,66.2,5.8,5958,
2015,Maryland,MD,344454,67.1,5.1,5987,
2016,Maryland,MD,355075,66.5,4.5,6005,
2017,Maryland,MD,362043,66.9,4.3,6025,
2018,Maryland,MD,367915,66.6,3.9,6043,
1997,Maine,ME,43035,74.9,5.1,1245,
1998,Maine,ME,44233,74.6,4.5,1248,
1999,Maine,ME,46393,77.4,4.0,1253,
2000,Maine,ME,48524,76.5,3.4,1277,
2001,Maine,ME,49419,75.5,3.8,1286,
2002,Maine,ME,50633,74.0,4.3,1296,
2003,Maine,ME,51729,73.7,5.0,1307,
2004,Maine,ME,53530,74.7,4.6,1314,
2005,Maine,ME,53613,73.9,4.9,1319,
2006,Maine,ME,54270,75.3,4.6,1324,
2007,Maine,ME,54001,74.3,4.7,1327,
2008,Maine,ME,53921,73.9,5.5,1331,
2009,Maine,ME,53064,74.0,8.1,1330,
2010,Maine,ME,53776,73.8,8.1,1328,
2011,Maine,ME,53088,73.9,7.9,1328,
2012,Maine,ME,52874,74.1,7.5,1328,
2013,Maine,ME,52505,73.5,6.6,1328,
2014,Maine,ME,53418,71.0,5.6,1331,
2015,Maine,ME,53606,69.9,4.4,1328,
2016,Maine,ME,54707,72.6,3.8,1331,
2017,Maine,ME,55617,71.0,3.4,1335,
2018,Maine,ME,56689,71.2,3.4,1338,
1997,Michigan,MI,397339,73.3,4.3,9785,
1998,Michigan,MI,406293,74.4,3.9,9820,
1999,Michigan,MI,429356,76.5,3.7,9864,
2000,Michigan,MI,438277,77.2,3.6,9952,
2001,Michigan,MI,423624,77.1,5.2,9991,
2002,Michigan,MI,435250,76.0,6.3,10016,
2003,Michigan,MI,443795,75.6,7.2,10041,
2004,Michigan,MI,444198,77.1,7.0,10055,
2005,Michigan,MI,450746,76.4,6.8,10051,
2006,Michigan,MI,443308,77.4,7.0,10036,
2007,Michigan,MI,441149,76.4,7.0,10001,
2008,Michigan,MI,416702,75.9,8.0,9947,
2009,Michigan,MI,380091,74.5,13.7,9902,
2010,Michigan,MI,400941,74.5,12.6,9878,
2011,Michigan,MI,411466,74.1,10.4,9882,
2012,Michigan,MI,418857,74.8,9.1,9897,
2013,Michigan,MI,424320,73.9,8.8,9913,
2014,Michigan,MI,430501,73.8,7.2,9931,
2015,Michigan,MI,440310,74.6,5.4,9933,
2016,Michigan,MI,448713,72.8,5.0,9952,
2017,Michigan,MI,456004,72.9,4.6,9976,
2018,Michigan,MI,468387,73.0,4.1,9996,
1997,Minnesota,MN,211942,75.4,3.3,4688,
1998,Minnesota,MN,222971,75.4,2.7,4726,
1999,Minnesota,MN,230684,76.1,2.8,4776,
2000,Minnesota,MN,245982,76.1,3.2,4934,
2001,Minnesota,MN,246058,76.1,3.8,4983,
2002,Minnesota,MN,252414,77.3,4.5,5019,
2003,Minnesota,MN,263869,77.2,4.9,5054,
2004,Minnesota,MN,274713,76.4,4.7,5088,
2005,Minnesota,MN,282094,76.5,4.1,5120,
2006,Minnesota,MN,281970,75.6,4.0,5164,
2007,Minnesota,MN,283212,73.5,4.6,5207,
2008,Minnesota,MN,285792,73.1,5.4,5247,
2009,Minnesota,MN,275453,72.9,7.8,5281,
2010,Minnesota,MN,284864,72.6,7.4,5311,
2011,Minnesota,MN,290630,71.3,6.5,5346,
2012,Minnesota,MN,294297,72.0,5.6,5377,
2013,Minnesota,MN,300633,73.4,5.0,5414,
2014,Minnesota,MN,308197,71.4,4.2,5452,
2015,Minnesota,MN,311336,70.1,3.7,5483,
2016,Minnesota,MN,317618,72.4,3.9,5523,
2017,Minnesota,MN,324264,72.7,3.4,5568,
2018,Minnesota,MN,331377,69.8,2.9,5611,
1997,Missouri,MO,228293,70.5,4.3,5407,
1998,Missouri,MO,232074,70.7,4.2,5438,
1999,Missouri,MO,238361,72.9,3.3,5468,
2000,Missouri,MO,246049,74.2,3.6,5607,
2001,Missouri,MO,244407,74.0,4.6,5641,
2002,Missouri,MO,246813,74.8,5.4,5675,
2003,Missouri,MO,251788,74.0,5.6,5709,
2004,Missouri,MO,257259,72.4,5.9,5748,
2005,Missouri,MO,261530,72.3,5.4,5790,
2006,Missouri,MO,263233,71.9,4.8,5843,
2007,Missouri,MO,264382,70.4,5.1,5888,
2008,Missouri,MO,270608,71.4,6.1,5924,
2009,Missouri,MO,265310,72.0,9.3,5961,
2010,Missouri,MO,269735,71.2,9.6,5996,
2011,Missouri,MO,266726,71.1,8.5,6010,
2012,Missouri,MO,268762,70.8,6.9,6024,
2013,Missouri,MO,271902,71.3,6.7,6041,
2014,Missouri,MO,272774,70.5,6.1,6056,
2015,Missouri,MO,275819,68.5,5.0,6072,
2016,Missouri,MO,273206,66.7,4.6,6087,
2017,Missouri,MO,275783,67.6,3.8,6109,
2018,Missouri,MO,282208,69.7,3.2,6126,
1997,Mississipi,MS,83197,73.7,5.7,2732,
1998,Mississipi,MS,85333,75.1,5.3,2751,
1999,Mississipi,MS,87647,74.9,5.1,2769,
2000,Mississipi,MS,88143,75.2,5.4,2848,
2001,Mississipi,MS,87200,74.5,5.5,2853,
2002,Mississipi,MS,88125,74.9,6.6,2859,
2003,Mississipi,MS,91715,73.4,6.3,2868,
2004,Mississipi,MS,93651,74.0,6.2,2889,
2005,Mississipi,MS,95228,78.8,7.5,2906,
2006,Mississipi,MS,97748,76.2,6.5,2905,
2007,Mississipi,MS,100204,74.0,6.1,2928,
2008,Mississipi,MS,104386,75.4,6.6,2948,
2009,Mississipi,MS,99463,75.5,9.5,2959,
2010,Mississipi,MS,99984,74.8,10.4,2971,
2011,Mississipi,MS,98728,74.8,10.0,2978,
2012,Mississipi,MS,99615,74.2,9.0,2984,
2013,Mississipi,MS,99622,74.2,8.5,2989,
2014,Mississipi,MS,99430,73.2,7.5,2991,
2015,Mississipi,MS,99780,70.7,6.4,2989,
2016,Mississipi,MS,100120,69.7,5.8,2988,
2017,Mississipi,MS,100590,71.0,5.1,2990,
2018,Mississipi,MS,101630,72.5,4.8,2987,
1997,Montana,MT,29169,67.5,5.3,879,
1998,Montana,MT,30466,68.6,5.5,880,
1999,Montana,MT,30598,70.6,5.3,883,
2000,Montana,MT,31375,70.2,5.0,904,
2001,Montana,MT,31651,68.3,4.5,907,
2002,Montana,MT,32527,69.4,4.4,912,
2003,Montana,MT,33843,71.5,4.7,920,
2004,Montana,MT,35375,72.4,4.8,930,
2005,Montana,MT,37077,70.4,4.4,940,
2006,Montana,MT,38431,69.5,3.5,953,
2007,Montana,MT,40379,67.3,3.6,965,
2008,Montana,MT,40162,70.3,5.1,976,
2009,Montana,MT,39337,70.7,6.8,984,
2010,Montana,MT,40544,68.1,7.3,991,
2011,Montana,MT,41473,68.4,6.9,997,
2012,Montana,MT,42006,67.8,6.0,1004,
2013,Montana,MT,42434,67.4,5.4,1014,
2014,Montana,MT,43092,66.9,4.7,1022,
2015,Montana,MT,44724,66.4,4.2,1031,
2016,Montana,MT,44213,67.1,4.1,1041,
2017,Montana,MT,44396,67.6,3.9,1053,
2018,Montana,MT,44801,67.4,3.7,1062,
1997,North Carolina,NC,316366,70.2,3.7,7429,
1998,North Carolina,NC,326225,71.3,3.5,7546,
1999,North Carolina,NC,344425,71.7,3.2,7651,
2000,North Carolina,NC,354846,71.1,3.7,8082,
2001,North Carolina,NC,361355,71.3,5.5,8210,
2002,North Carolina,NC,366035,70.0,6.6,8326,
2003,North Carolina,NC,374503,70.0,6.4,8423,
2004,North Carolina,NC,388700,69.8,5.5,8553,
2005,North Carolina,NC,407491,70.9,5.2,8705,
2006,North Carolina,NC,432589,70.2,4.7,8917,
2007,North Carolina,NC,436437,70.3,4.7,9118,
2008,North Carolina,NC,446920,69.4,6.1,9309,
2009,North Carolina,NC,427108,70.1,10.6,9450,
2010,North Carolina,NC,433404,69.5,10.9,9574,
2011,North Carolina,NC,439089,68.3,10.3,9657,
2012,North Carolina,NC,439571,67.2,9.3,9749,
2013,North Carolina,NC,445361,67.3,8.0,9844,
2014,North Carolina,NC,453629,66.4,6.3,9934,
2015,North Carolina,NC,467754,65.2,5.7,10033,
2016,North Carolina,NC,472931,65.7,5.1,10157,
2017,North Carolina,NC,482010,66.3,4.5,10271,
2018,North Carolina,NC,496110,65.2,3.9,10384,
1997,North Dakota,ND,22411,68.1,2.7,641,
1998,North Dakota,ND,23682,68.0,2.9,638,
1999,North Dakota,ND,23705,70.1,3.3,634,
2000,North Dakota,ND,24598,70.7,3.0,642,
2001,North Dakota,ND,25017,71.0,2.9,639,
2002,North Dakota,ND,26370,69.4,3.7,638,
2003,North Dakota,ND,27994,68.7,3.7,639,
2004,North Dakota,ND,28267,70.0,3.4,645,
2005,North Dakota,ND,29107,68.5,3.4,646,
2006,North Dakota,ND,30262,68.3,3.2,649,
2007,North Dakota,ND,31668,66.0,3.1,653,
2008,North Dakota,ND,34155,66.6,3.2,658,
2009,North Dakota,ND,35043,65.7,4.1,665,
2010,North Dakota,ND,37697,67.1,3.8,675,
2011,North Dakota,ND,41942,68.3,3.5,685,
2012,North Dakota,ND,51345,66.2,3.1,701,
2013,North Dakota,ND,52531,68.0,2.9,722,
2014,North Dakota,ND,56305,64.5,2.7,737,
2015,North Dakota,ND,54611,61.8,2.8,754,
2016,North Dakota,ND,50752,61.4,3.1,754,
2017,North Dakota,ND,49916,62.6,2.7,755,
2018,North Dakota,ND,51160,61.9,2.6,760,
1997,Nebraska,NE,70722,66.7,2.5,1656,
1998,Nebraska,NE,72310,69.9,2.6,1661,
1999,Nebraska,NE,73884,70.9,2.8,1666,
2000,Nebraska,NE,76623,70.2,2.8,1714,
2001,Nebraska,NE,78258,70.1,3.1,1720,
2002,Nebraska,NE,79665,68.5,3.6,1728,
2003,Nebraska,NE,84120,69.5,3.9,1739,
2004,Nebraska,NE,86082,71.2,3.9,1749,
2005,Nebraska,NE,88894,70.2,3.8,1761,
2006,Nebraska,NE,91387,67.6,3.1,1773,
2007,Nebraska,NE,93388,68.2,3.0,1783,
2008,Nebraska,NE,93569,69.6,3.3,1796,
2009,Nebraska,NE,94050,70.2,4.6,1813,
2010,Nebraska,NE,97857,70.4,4.6,1830,
2011,Nebraska,NE,102333,68.9,4.4,1841,
2012,Nebraska,NE,102269,69.3,4.0,1853,
2013,Nebraska,NE,105038,68.2,3.8,1865,
2014,Nebraska,NE,107132,66.7,3.3,1880,
2015,Nebraska,NE,109673,68.1,3.0,1892,
2016,Nebraska,NE,110226,68.0,3.1,1906,
2017,Nebraska,NE,110526,66.1,2.9,1918,
2018,Nebraska,NE,112170,66.4,2.8,1929,
1997,New Hampshire,NH,48425,66.8,3.3,1173,
1998,New Hampshire,NH,51603,69.6,2.8,1186,
1999,New Hampshire,NH,53058,70.2,2.7,1201,
2000,New Hampshire,NH,56720,69.2,2.7,1240,
2001,New Hampshire,NH,57433,68.4,3.4,1256,
2002,New Hampshire,NH,59041,69.5,4.5,1269,
2003,New Hampshire,NH,61610,74.4,4.3,1280,
2004,New Hampshire,NH,63499,73.3,3.8,1290,
2005,New Hampshire,NH,64356,74.0,3.6,1298,
2006,New Hampshire,NH,65945,74.2,3.4,1308,
2007,New Hampshire,NH,65698,73.8,3.5,1313,
2008,New Hampshire,NH,65017,75.0,3.9,1316,
2009,New Hampshire,NH,64450,76.0,6.2,1316,
2010,New Hampshire,NH,66442,74.9,5.8,1317,
2011,New Hampshire,NH,66840,74.1,5.4,1320,
2012,New Hampshire,NH,67689,74.8,5.5,1324,
2013,New Hampshire,NH,68800,74.1,5.1,1326,
2014,New Hampshire,NH,69474,72.2,4.3,1333,
2015,New Hampshire,NH,71175,71.6,3.4,1336,
2016,New Hampshire,NH,72544,71.8,2.9,1342,
2017,New Hampshire,NH,73981,71.6,2.7,1350,
2018,New Hampshire,NH,75615,73.4,2.5,1356,
1997,New Jersey,NJ,426187,63.1,5.3,8054,
1998,New Jersey,NJ,433779,63.1,4.6,8096,
1999,New Jersey,NJ,448808,64.5,4.5,8143,
2000,New Jersey,NJ,473035,66.2,3.7,8431,
2001,New Jersey,NJ,476508,66.5,4.3,8493,
2002,New Jersey,NJ,487050,66.9,5.8,8553,
2003,New Jersey,NJ,499695,66.9,5.8,8601,
2004,New Jersey,NJ,507585,68.8,4.8,8635,
2005,New Jersey,NJ,513499,70.1,4.5,8652,
2006,New Jersey,NJ,524056,69.0,4.7,8662,
2007,New Jersey,NJ,526814,68.3,4.3,8678,
2008,New Jersey,NJ,533054,67.3,5.3,8711,
2009,New Jersey,NJ,511150,65.9,9.1,8756,
2010,New Jersey,NJ,516589,66.5,9.5,8800,
2011,New Jersey,NJ,510929,66.4,9.3,8828,
2012,New Jersey,NJ,519746,66.6,9.3,8845,
2013,New Jersey,NJ,523334,64.9,8.2,8858,
2014,New Jersey,NJ,525023,65.2,6.8,8867,
2015,New Jersey,NJ,533615,64.0,5.8,8871,
2016,New Jersey,NJ,537149,62.2,5.0,8875,
2017,New Jersey,NJ,543993,64.1,4.6,8889,
2018,New Jersey,NJ,554672,65.0,4.1,8909,
1997,New Mexico,NM,67446,69.6,6.3,1723,
1998,New Mexico,NM,67087,71.3,6.1,1734,
1999,New Mexico,NM,70716,72.6,5.6,1740,
2000,New Mexico,NM,71956,73.7,4.9,1821,
2001,New Mexico,NM,72053,70.8,4.9,1832,
2002,New Mexico,NM,74275,70.0,5.5,1855,
2003,New Mexico,NM,77132,70.3,5.9,1878,
2004,New Mexico,NM,82843,71.5,5.5,1904,
2005,New Mexico,NM,83825,71.4,5.1,1932,
2006,New Mexico,NM,85891,72.0,4.2,1962,
2007,New Mexico,NM,86511,71.5,3.8,1990,
2008,New Mexico,NM,85977,70.4,4.5,2011,
2009,New Mexico,NM,87667,69.1,7.5,2037,
2010,New Mexico,NM,87004,68.6,8.1,2065,
2011,New Mexico,NM,87166,69.1,7.5,2080,
2012,New Mexico,NM,87602,66.8,7.1,2088,
2013,New Mexico,NM,86506,67.3,6.9,2093,
2014,New Mexico,NM,89151,66.3,6.7,2090,
2015,New Mexico,NM,90868,66.5,6.5,2090,
2016,New Mexico,NM,90970,67.4,6.6,2093,
2017,New Mexico,NM,90989,66.6,5.9,2093,
2018,New Mexico,NM,92591,68.0,4.9,2095,
1997,Nevada,NV,90368,61.2,4.4,1676,
1998,Nevada,NV,94947,61.4,4.2,1744,
1999,Nevada,NV,101277,63.7,4.0,1809,
2000,Nevada,NV,105344,64.0,4.2,2019,
2001,Nevada,NV,106657,64.6,5.2,2098,
2002,Nevada,NV,110020,65.3,5.6,2174,
2003,Nevada,NV,115571,64.8,5.1,2249,
2004,Nevada,NV,128885,65.7,4.3,2346,
2005,Nevada,NV,139695,63.4,4.1,2432,
2006,Nevada,NV,145209,65.7,4.0,2523,
2007,Nevada,NV,144405,63.3,4.5,2601,
2008,Nevada,NV,138863,63.6,6.7,2654,
2009,Nevada,NV,127242,62.4,11.3,2685,
2010,Nevada,NV,128827,59.7,13.5,2702,
2011,Nevada,NV,129734,56.2,13.0,2713,
2012,Nevada,NV,128043,55.7,11.2,2745,
2013,Nevada,NV,128273,56.0,9.6,2777,
2014,Nevada,NV,129660,56.0,7.9,2819,
2015,Nevada,NV,135100,54.8,6.8,2869,
2016,Nevada,NV,138284,54.5,5.7,2920,
2017,Nevada,NV,141709,55.0,5.1,2972,
2018,Nevada,NV,146225,57.8,4.6,3034,
1997,New York,NY,976940,52.6,6.4,18143,
1998,New York,NY,996663,52.8,5.6,18159,
1999,New York,NY,1048059,52.8,5.2,18197,
2000,New York,NY,1088005,53.4,4.5,19002,
2001,New York,NY,1112239,53.9,4.8,19083,
2002,New York,NY,1102140,54.8,6.1,19138,
2003,New York,NY,1104937,54.3,6.4,19176,
2004,New York,NY,1132504,54.8,5.8,19172,
2005,New York,NY,1171051,55.9,5.0,19133,
2006,New York,NY,1199904,55.7,4.5,19105,
2007,New York,NY,1202726,55.9,4.6,19132,
2008,New York,NY,1175471,55.0,5.4,19212,
2009,New York,NY,1223229,54.4,8.3,19307,
2010,New York,NY,1269487,54.5,8.6,19400,
2011,New York,NY,1269245,53.6,8.3,19499,
2012,New York,NY,1322448,53.6,8.5,19575,
2013,New York,NY,1319299,53.0,7.7,19628,
2014,New York,NY,1348204,52.9,6.3,19656,
2015,New York,NY,1369097,51.5,5.3,19661,
2016,New York,NY,1388267,51.5,4.9,19642,
2017,New York,NY,1407217,51.1,4.7,19591,
2018,New York,NY,1436957,51.0,4.1,19542,
1997,Ohio,OH,471886,69.0,4.6,11212,
1998,Ohio,OH,487904,70.7,4.3,11238,
1999,Ohio,OH,499060,70.7,4.3,11257,
2000,Ohio,OH,508992,71.3,4.0,11364,
2001,Ohio,OH,501815,71.2,4.3,11387,
2002,Ohio,OH,514752,72.1,5.7,11408,
2003,Ohio,OH,522649,72.8,6.2,11435,
2004,Ohio,OH,534359,73.1,6.3,11452,
2005,Ohio,OH,543745,73.3,5.9,11463,
2006,Ohio,OH,541180,72.1,5.4,11481,
2007,Ohio,OH,541411,71.4,5.6,11500,
2008,Ohio,OH,537200,70.8,6.4,11515,
2009,Ohio,OH,509216,69.7,10.3,11529,
2010,Ohio,OH,521095,69.7,10.3,11539,
2011,Ohio,OH,538703,68.9,8.8,11543,
2012,Ohio,OH,540819,67.9,7.4,11548,
2013,Ohio,OH,550800,67.9,7.5,11577,
2014,Ohio,OH,570362,67.3,5.8,11603,
2015,Ohio,OH,577277,66.4,4.9,11618,
2016,Ohio,OH,581594,66.1,5.0,11635,
2017,Ohio,OH,590884,66.0,5.0,11664,
2018,Ohio,OH,601496,67.3,4.6,11689,
1997,Oklahoma,OK,115414,68.5,4.1,3314,
1998,Oklahoma,OK,117867,69.7,4.3,3339,
1999,Oklahoma,OK,119725,71.5,3.5,3358,
2000,Oklahoma,OK,124111,72.7,3.0,3454,
2001,Oklahoma,OK,128721,71.5,3.7,3467,
2002,Oklahoma,OK,131078,69.6,4.7,3489,
2003,Oklahoma,OK,133084,69.1,5.5,3505,
2004,Oklahoma,OK,137436,71.1,4.9,3525,
2005,Oklahoma,OK,143073,72.9,4.5,3549,
2006,Oklahoma,OK,152659,71.6,4.0,3594,
2007,Oklahoma,OK,155465,70.3,4.1,3634,
2008,Oklahoma,OK,161361,70.4,3.7,3669,
2009,Oklahoma,OK,159236,69.6,6.4,3718,
2010,Oklahoma,OK,159227,69.2,6.8,3760,
2011,Oklahoma,OK,165153,69.4,5.9,3788,
2012,Oklahoma,OK,173484,68.8,5.2,3819,
2013,Oklahoma,OK,177602,69.9,5.3,3853,
2014,Oklahoma,OK,188065,69.3,4.5,3878,
2015,Oklahoma,OK,194565,67.4,4.4,3910,
2016,Oklahoma,OK,189122,66.8,4.8,3927,
2017,Oklahoma,OK,189569,68.9,4.2,3933,
2018,Oklahoma,OK,193030,69.5,3.4,3943,
1997,Oregon,OR,118539,61.0,5.7,3243,
1998,Oregon,OR,124171,63.4,5.7,3282,
1999,Oregon,OR,126884,64.3,5.5,3316,
2000,Oregon,OR,137802,65.3,5.1,3430,
2001,Oregon,OR,136688,65.8,6.4,3468,
2002,Oregon,OR,139698,66.2,7.5,3513,
2003,Oregon,OR,145585,68.0,8.1,3547,
2004,Oregon,OR,152798,69.0,7.3,3569,
2005,Oregon,OR,158463,68.2,6.2,3613,
2006,Oregon,OR,167912,68.1,5.3,3671,
2007,Oregon,OR,171114,65.7,5.2,3722,
2008,Oregon,OR,173955,66.2,6.5,3769,
2009,Oregon,OR,166653,68.2,11.3,3809,
2010,Oregon,OR,169016,66.3,10.6,3838,
2011,Oregon,OR,173883,66.4,9.5,3872,
2012,Oregon,OR,174493,66.1,8.8,3899,
2013,Oregon,OR,175805,64.2,7.9,3923,
2014,Oregon,OR,181992,62.8,6.8,3964,
2015,Oregon,OR,191595,61.1,5.6,4017,
2016,Oregon,OR,200332,62.6,4.8,4091,
2017,Oregon,OR,206711,61.8,4.1,4147,
2018,Oregon,OR,213708,62.0,4.2,4191,
1997,Pennsylvania,PA,495814,73.3,5.1,12016,
1998,Pennsylvania,PA,508484,73.9,4.6,12002,
1999,Pennsylvania,PA,523565,75.2,4.4,11994,
2000,Pennsylvania,PA,537224,74.7,4.1,12284,
2001,Pennsylvania,PA,544791,74.3,4.8,12299,
2002,Pennsylvania,PA,550247,74.0,5.6,12331,
2003,Pennsylvania,PA,562436,73.7,5.7,12375,
2004,Pennsylvania,PA,578034,74.9,5.4,12411,
2005,Pennsylvania,PA,588055,73.3,5.0,12450,
2006,Pennsylvania,PA,592030,73.2,4.6,12511,
2007,Pennsylvania,PA,612018,72.9,4.4,12564,
2008,Pennsylvania,PA,623821,72.6,5.3,12612,
2009,Pennsylvania,PA,605497,72.2,8.0,12667,
2010,Pennsylvania,PA,622467,72.2,8.5,12711,
2011,Pennsylvania,PA,631372,71.1,7.9,12745,
2012,Pennsylvania,PA,641317,71.0,7.8,12767,
2013,Pennsylvania,PA,651319,71.5,7.4,12777,
2014,Pennsylvania,PA,664793,69.7,5.9,12789,
2015,Pennsylvania,PA,677873,69.6,5.3,12786,
2016,Pennsylvania,PA,685462,68.5,5.4,12784,
2017,Pennsylvania,PA,697183,68.6,4.9,12790,
2018,Pennsylvania,PA,712101,69.9,4.3,12807,
1997,Rhode Island,RI,40159,58.7,5.1,987,
1998,Rhode Island,RI,41789,59.8,4.6,988,
1999,Rhode Island,RI,43176,60.6,4.2,991,
2000,Rhode Island,RI,45246,61.5,4.1,1050,
2001,Rhode Island,RI,45918,60.1,4.6,1057,
2002,Rhode Island,RI,47611,59.4,5.0,1066,
2003,Rhode Island,RI,49374,59.9,5.3,1071,
2004,Rhode Island,RI,51583,61.5,5.2,1075,
2005,Rhode Island,RI,52316,63.1,5.0,1068,
2006,Rhode Island,RI,53518,64.6,4.9,1063,
2007,Rhode Island,RI,52087,64.9,5.2,1057,
2008,Rhode Island,RI,50447,64.5,7.8,1055,
2009,Rhode Island,RI,50214,62.9,11.0,1054,
2010,Rhode Island,RI,51468,62.8,11.2,1054,
2011,Rhode Island,RI,51269,63.4,11.0,1054,
2012,Rhode Island,RI,51642,62.1,10.4,1055,
2013,Rhode Island,RI,52085,61.5,9.3,1055,
2014,Rhode Island,RI,52208,61.8,7.7,1056,
2015,Rhode Island,RI,53003,58.9,6.0,1056,
2016,Rhode Island,RI,52985,56.3,5.2,1057,
2017,Rhode Island,RI,53404,56.6,4.4,1056,
2018,Rhode Island,RI,53741,60.7,4.1,1057,
1997,South Carolina,SC,134908,74.1,4.6,3790,
1998,South Carolina,SC,140139,76.6,3.8,3840,
1999,South Carolina,SC,146526,77.1,4.3,3886,
2000,South Carolina,SC,150501,76.5,3.8,4024,
2001,South Carolina,SC,151105,76.1,5.2,4065,
2002,South Carolina,SC,154698,77.5,5.8,4108,
2003,South Carolina,SC,160138,75.0,6.9,4150,
2004,South Carolina,SC,162238,76.2,6.8,4211,
2005,South Carolina,SC,166574,73.9,6.7,4270,
2006,South Carolina,SC,170339,74.2,6.4,4358,
2007,South Carolina,SC,175090,74.1,5.7,4444,
2008,South Carolina,SC,174584,73.9,6.8,4529,
2009,South Carolina,SC,166850,74.4,11.2,4590,
2010,South Carolina,SC,170167,74.8,11.2,4636,
2011,South Carolina,SC,174128,74.2,10.6,4671,
2012,South Carolina,SC,175375,71.5,9.2,4717,
2013,South Carolina,SC,178940,72.4,7.6,4764,
2014,South Carolina,SC,183282,72.9,6.5,4824,
2015,South Carolina,SC,189167,67.1,6.0,4892,
2016,South Carolina,SC,194466,68.9,5.0,4958,
2017,South Carolina,SC,199491,72.8,4.3,5021,
2018,South Carolina,SC,202771,72.0,3.4,5084,
1997,South Dakota,SD,24976,67.6,2.9,731,
1998,South Dakota,SD,26452,67.3,2.8,731,
1999,South Dakota,SD,27501,70.7,2.7,733,
2000,South Dakota,SD,29407,71.2,2.5,756,
2001,South Dakota,SD,29746,71.5,3.1,758,
2002,South Dakota,SD,32958,71.5,3.2,760,
2003,South Dakota,SD,33657,70.9,3.5,764,
2004,South Dakota,SD,35071,68.5,3.7,770,
2005,South Dakota,SD,35907,68.4,3.8,775,
2006,South Dakota,SD,36459,70.6,3.1,783,
2007,South Dakota,SD,38057,70.4,2.8,792,
2008,South Dakota,SD,39643,70.4,3.1,799,
2009,South Dakota,SD,39732,69.6,4.9,807,
2010,South Dakota,SD,40130,70.6,5,816,
2011,South Dakota,SD,42794,69.3,4.7,823,
2012,South Dakota,SD,43445,69.2,4.3,833,
2013,South Dakota,SD,43602,67.8,3.8,842,
2014,South Dakota,SD,44100,69.2,3.4,849,
2015,South Dakota,SD,45266,70.1,3.1,854,
2016,South Dakota,SD,45424,69.4,3,863,
2017,South Dakota,SD,45265,67.8,3.2,873,
2018,South Dakota,SD,45874,69.1,3,882,
1997,Tennesse,TN,210844,70.2,5.3,5378,
1998,Tennesse,TN,223769,71.3,4.3,5433,
1999,Tennesse,TN,230418,71.9,4,5484,
2000,Tennesse,TN,233153,70.9,3.9,5704,
2001,Tennesse,TN,232723,69.7,4.6,5751,
2002,Tennesse,TN,240522,70.3,5.2,5796,
2003,Tennesse,TN,247824,70.8,5.6,5848,
2004,Tennesse,TN,259337,71.6,5.3,5911,
2005,Tennesse,TN,264652,72.4,5.6,5991,
2006,Tennesse,TN,271465,71.3,5.2,6089,
2007,Tennesse,TN,268756,70.2,4.7,6176,
2008,Tennesse,TN,272011,71.7,6.6,6247,
2009,Tennesse,TN,263016,71.1,10.5,6306,
2010,Tennesse,TN,266727,71.0,9.7,6355,
2011,Tennesse,TN,274804,69.3,9,6397,
2012,Tennesse,TN,283722,67.9,7.8,6451,
2013,Tennesse,TN,286801,66.8,7.8,6493,
2014,Tennesse,TN,291527,66.7,6.6,6541,
2015,Tennesse,TN,300581,66.5,5.6,6591,
2016,Tennesse,TN,306343,66.4,4.7,6645,
2017,Tennesse,TN,313573,67.2,3.8,6709,
2018,Tennesse,TN,322898,68.0,3.5,6770,
1997,Texas,TX,872763,61.5,5.3,19355,
1998,Texas,TX,928374,62.5,4.9,19712,
1999,Texas,TX,965677,62.9,4.7,20044,
2000,Texas,TX,998297,63.8,4.3,20944,
2001,Texas,TX,1021889,63.9,5,21320,
2002,Texas,TX,1041811,63.4,6.4,21690,
2003,Texas,TX,1048299,64.5,6.7,22031,
2004,Texas,TX,1102696,65.5,5.9,22394,
2005,Texas,TX,1132796,65.9,5.4,22778,
2006,Texas,TX,1210287,66.0,4.9,23360,
2007,Texas,TX,1274303,66.0,4.3,23832,
2008,Texas,TX,1275774,65.5,4.8,24309,
2009,Texas,TX,1271436,65.4,7.6,24802,
2010,Texas,TX,1301727,65.3,8.1,25243,
2011,Texas,TX,1343791,64.3,7.8,25646,
2012,Texas,TX,1411379,64.3,6.7,26090,
2013,Texas,TX,1472104,63.3,6.3,26489,
2014,Texas,TX,1512351,62.2,5.1,26977,
2015,Texas,TX,1589956,61.9,4.4,27487,
2016,Texas,TX,1593149,61.5,4.6,27937,
2017,Texas,TX,1624949,61.7,4.3,28323,
2018,Texas,TX,1676679,62.7,3.9,28702,
1997,Utah,UT,57700,72.5,3.2,2065,
1998,Utah,UT,62291,73.7,3.6,2101,
1999,Utah,UT,66023,74.7,3.5,2130,
2000,Utah,UT,70292,72.7,3.3,2245,
2001,Utah,UT,73226,72.4,4.4,2284,
2002,Utah,UT,75999,72.8,5.8,2325,
2003,Utah,UT,79149,73.4,5.6,2360,
2004,Utah,UT,85702,74.9,5,2402,
2005,Utah,UT,94195,73.9,4.1,2458,
2006,Utah,UT,106124,73.5,3,2526,
2007,Utah,UT,114653,74.9,2.6,2598,
2008,Utah,UT,115985,76.2,3.6,2663,
2009,Utah,UT,113333,74.1,7.3,2723,
2010,Utah,UT,117961,72.5,7.8,2775,
2011,Utah,UT,124539,71.4,6.7,2814,
2012,Utah,UT,128721,71.1,5.4,2853,
2013,Utah,UT,134252,70.9,4.6,2898,
2014,Utah,UT,141343,70.9,3.8,2937,
2015,Utah,UT,149524,69.9,3.6,2982,
2016,Utah,UT,157902,71.3,3.4,3043,
2017,Utah,UT,165703,71.0,3.3,3103,
2018,Utah,UT,177336,72.2,3.1,3161,
1997,Virginia,VA,217252,68.4,3.8,6733,
1998,Virginia,VA,233096,69.4,2.9,6789,
1999,Virginia,VA,249798,71.2,2.7,6873,
2000,Virginia,VA,266886,73.9,2.3,7106,
2001,Virginia,VA,284002,75.1,3.2,7198,
2002,Virginia,VA,293276,74.4,4.2,7287,
2003,Virginia,VA,309981,75.0,4.1,7367,
2004,Virginia,VA,332251,73.4,3.8,7476,
2005,Virginia,VA,360300,71.2,3.6,7577,
2006,Virginia,VA,379129,71.1,3.1,7674,
2007,Virginia,VA,392917,71.5,3,7751,
2008,Virginia,VA,399032,70.6,3.9,7833,
2009,Virginia,VA,408919,69.7,6.7,7926,
2010,Virginia,VA,422902,68.7,7.1,8024,
2011,Virginia,VA,432393,67.9,6.6,8100,
2012,Virginia,VA,444950,67.8,6.1,8185,
2013,Virginia,VA,455070,68.1,5.7,8253,
2014,Virginia,VA,463782,68.7,5.2,8312,
2015,Virginia,VA,484628,67.1,4.5,8363,
2016,Virginia,VA,493866,66.3,4.1,8411,
2017,Virginia,VA,510425,67.5,3.7,8465,
2018,Virginia,VA,534449,66.0,3,8518,
1997,Vermont,VT,15415,69.1,3.9,589,
1998,Vermont,VT,16073,69.1,3.4,591,
1999,Vermont,VT,17159,69.1,3,594,
2000,Vermont,VT,18312,68.7,2.8,610,
2001,Vermont,VT,19274,69.8,3.3,612,
2002,Vermont,VT,20163,70.3,4,615,
2003,Vermont,VT,21130,71.4,4.3,618,
2004,Vermont,VT,22666,72.0,3.7,620,
2005,Vermont,VT,23509,74.2,3.5,621,
2006,Vermont,VT,24310,74.0,3.7,623,
2007,Vermont,VT,24697,73.7,4,623,
2008,Vermont,VT,25678,72.8,4.7,624,
2009,Vermont,VT,25868,74.3,6.6,625,
2010,Vermont,VT,27108,73.6,6.1,626,
2011,Vermont,VT,28135,74.6,5.5,627,
2012,Vermont,VT,28887,73.4,5,626,
2013,Vermont,VT,29099,73.0,4.4,626,
2014,Vermont,VT,29714,73.5,3.9,625,
2015,Vermont,VT,30709,71.8,3.6,625,
2016,Vermont,VT,31635,71.3,3.2,624,
2017,Vermont,VT,32623,71.1,3,625,
2018,Vermont,VT,33725,71.4,2.7,626,
1997,Washington,WA,193898,62.9,4.9,5604,
1998,Washington,WA,210205,64.9,4.8,5688,
1999,Washington,WA,230555,64.8,4.9,5756,
2000,Washington,WA,237832,63.6,5.2,5911,
2001,Washington,WA,239426,66.4,6.3,5986,
2002,Washington,WA,248189,66.9,7.4,6052,
2003,Washington,WA,258263,65.9,7.4,6104,
2004,Washington,WA,270115,66.0,6.3,6179,
2005,Washington,WA,296101,67.6,5.6,6257,
2006,Washington,WA,317167,66.7,5,6371,
2007,Washington,WA,346443,66.8,4.7,6462,
2008,Washington,WA,355678,66.2,5.4,6562,
2009,Washington,WA,353632,65.5,9.2,6667,
2010,Washington,WA,365552,64.4,10,6743,
2011,Washington,WA,379539,64.2,9.3,6822,
2012,Washington,WA,400863,63.5,8.1,6893,
2013,Washington,WA,419345,62.7,7,6963,
2014,Washington,WA,442442,63.6,6.1,7052,
2015,Washington,WA,470582,62.6,5.6,7164,
2016,Washington,WA,492943,61.6,5.3,7295,
2017,Washington,WA,522426,63.6,4.7,7425,
2018,Washington,WA,563151,64.9,4.5,7536,
1997,Wisconsin,WI,153241,68.3,3.6,5200,
1998,Wisconsin,WI,162523,70.1,3.4,5222,
1999,Wisconsin,WI,172258,70.9,3.1,5250,
2000,Wisconsin,WI,180539,71.8,3.5,5374,
2001,Wisconsin,WI,187939,72.3,4.5,5407,
2002,Wisconsin,WI,194813,72.2,5.4,5445,
2003,Wisconsin,WI,203135,72.8,5.7,5479,
2004,Wisconsin,WI,215139,73.3,5,5514,
2005,Wisconsin,WI,225698,71.1,4.7,5546,
2006,Wisconsin,WI,235709,70.2,4.7,5578,
2007,Wisconsin,WI,243767,70.5,4.9,5611,
2008,Wisconsin,WI,244760,70.4,4.9,5641,
2009,Wisconsin,WI,245539,70.4,8.6,5669,
2010,Wisconsin,WI,254354,71.0,8.7,5690,
2011,Wisconsin,WI,263882,68.5,7.8,5705,
2012,Wisconsin,WI,274344,67.5,7,5720,
2013,Wisconsin,WI,282385,68.5,6.7,5737,
2014,Wisconsin,WI,293519,67.8,5.4,5752,
2015,Wisconsin,WI,304852,66.6,4.6,5761,
2016,Wisconsin,WI,312141,67.7,4,5773,
2017,Wisconsin,WI,321584,68.0,3.3,5792,
2018,Wisconsin,WI,336972,67.9,3,5814,
1997,West Virginia,WV,38840,74.6,6.9,1816,
1998,West Virginia,WV,40086,74.8,6.6,1812,
1999,West Virginia,WV,41831,74.8,6.5,1807,
2000,West Virginia,WV,42607,75.9,5.5,1807,
2001,West Virginia,WV,43978,76.4,5,1801,
2002,West Virginia,WV,45434,77.2,5.9,1805,
2003,West Virginia,WV,46668,78.1,6,1812,
2004,West Virginia,WV,49272,80.3,5.3,1816,
2005,West Virginia,WV,53259,81.3,5.1,1820,
2006,West Virginia,WV,56530,78.4,4.9,1828,
2007,West Virginia,WV,58636,77.6,4.6,1834,
2008,West Virginia,WV,62067,77.8,4.3,1840,
2009,West Virginia,WV,62958,78.7,7.7,1848,
2010,West Virginia,WV,65274,79,8.7,1854,
2011,West Virginia,WV,68525,78.7,8.1,1856,
2012,West Virginia,WV,69399,75.8,7.5,1857,
2013,West Virginia,WV,71038,76.8,6.8,1854,
2014,West Virginia,WV,72027,75.6,6.6,1849,
2015,West Virginia,WV,70341,74.9,6.7,1842,
2016,West Virginia,WV,69814,74.8,6.1,1831,
2017,West Virginia,WV,73099,75.1,5.2,1817,
2018,West Virginia,WV,77477,74.7,5.3,1806,
1997,Wyoming,WY,14724,67.6,4.8,480,
1998,Wyoming,WY,14928,70,4.7,480,
1999,Wyoming,WY,15711,69.8,4.6,480,
2000,Wyoming,WY,17205,71,3.9,494,
2001,Wyoming,WY,18661,73.5,3.8,495,
2002,Wyoming,WY,19116,73,4,500,
2003,Wyoming,WY,21028,72.9,4.3,503,
2004,Wyoming,WY,23187,72.8,3.8,509,
2005,Wyoming,WY,27178,72.8,3.6,514,
2006,Wyoming,WY,32405,73.7,3.2,523,
2007,Wyoming,WY,36603,73.2,2.8,535,
2008,Wyoming,WY,42540,73.3,3.1,546,
2009,Wyoming,WY,36042,73.8,6.3,560,
2010,Wyoming,WY,37401,73.4,6.4,564,
2011,Wyoming,WY,39371,71.1,5.8,567,
2012,Wyoming,WY,38432,70.3,5.3,576,
2013,Wyoming,WY,38923,70.5,4.7,582,
2014,Wyoming,WY,39372,70.8,4.1,583,
2015,Wyoming,WY,37740,69.9,4.3,586,
2016,Wyoming,WY,35905,70.2,5.3,584,
2017,Wyoming,WY,37625,70.4,4.2,579,
2018,Wyoming,WY,39371,71.1,4.1,578,
,,,,,,,
,,,,,,,